id,kat_1_1,kat_2_1,kat_3_1,kat_1_2,kat_2_2,kat_3_2,kat_1_3,kat_2_3,kat_3_3,kat_1_4,kat_2_4,kat_3_4,kat_1_5,kat_2_5,kat_3_5,kat_1_6,kat_2_6,kat_3_6,kat_1_7,kat_2_7,kat_3_7
AT1G01453.1,0.6415,0.8795,0.623,0.8502,1.2433,0.7916,0.8452,1.3711,0.9777,1.2585,0.9213,1.4406,2.0659,2.2039,1.2887,4.134,3.1086,3.0992,3.0252,4.7743,3.12
AT1G01453.2,0.5819,0.7977,0.5337,0.7711,1.1276,0.7179,0.7666,1.2435,0.8867,1.1414,0.7976,1.3065,1.8736,1.9749,1.1687,3.7491,2.8192,2.8106,2.7435,4.3297,2.8003
AT1G01750.1,8.5865,8.1908,5.0082,4.9232,7.6397,4.4253,4.4749,5.9064,6.8889,9.4538,7.0323,7.6036,13.1858,13.2635,12.337,20.4598,19.4267,15.9746,14.9523,19.4766,20.5024
AT1G02570.1,2.947,3.4131,1.1453,1.9833,3.2955,2.2412,2.0127,2.888,3.5549,2.6037,4.5158,3.3362,2.692,5.2117,2.37,6.8141,9.0068,6.6923,4.8739,8.9627,8.3224
AT1G03090.1,3.5123,3.0447,7.9114,4.6023,3.3583,4.4126,3.111,4.5308,4.1417,5.74,1.9089,5.8234,4.3309,3.6468,7.1071,5.7868,6.7887,10.9989,18.8811,21.2624,18.4882
AT1G03090.2,3.4323,3.013,7.7756,4.5092,3.2962,4.3471,3.1022,4.4426,4.1031,5.7103,1.8654,5.7045,4.26,3.6424,6.9912,5.6833,6.6994,10.8542,18.6289,20.9266,18.1084
AT1G04180.1,0.3525,0.7468,0.2134,1.2279,0.5612,0.1925,0.5094,0.5872,0.4013,1.3814,1.103,1.0124,2.126,1.2446,1.3831,1.5689,1.098,0.9473,1.7454,1.57,0.8763
AT1G04310.1,6.5574,6.523,6.2199,7.6674,6.1496,5.1525,6.1761,6.9561,6.8272,13.2973,8.3951,10.4798,14.4021,9.0629,15.274,10.8314,13.8464,15.143,18.2236,18.5504,17.7381
AT1G05010.1,32.119,39.9863,24.0292,41.9891,36.0919,21.4049,28.5068,24.2875,31.2497,76.4956,47.1491,63.9188,157.1083,112.5205,221.7554,107.4874,113.7648,145.2524,187.3709,190.7896,183.5218
AT1G05020.1,0.3877,0.3916,0.2394,0.4546,0.4644,0.2142,0.4004,0.2596,0.2706,0.7783,0.5975,1.09,1.2626,1.3642,1.8767,1.3699,1.5146,2.2317,2.2514,2.4544,2.1161
AT1G05240.1,28.1356,24.4368,13.4387,16.7689,24.974,21.7981,13.4823,19.4531,31.8524,25.1174,28.3411,27.1704,34.0707,45.0023,26.0748,64.8122,64.1309,66.9115,64.7096,80.0114,88.9065
AT1G05250.1,25.6772,22.6014,11.8566,13.8648,24.4641,19.4184,11.7561,20.3866,27.9933,23.0278,27.5119,24.5607,31.3185,41.7198,24.9249,64.5113,58.674,64.3872,59.9979,76.8259,84.9313
AT1G05990.1,0.3757,0.1654,0.195,0.3599,0.3152,0.7154,0.2267,0.0668,0.6104,0.5895,0.5491,0.5998,0.3634,0.8846,0.8714,0.9294,1.3127,2.1022,0.9445,1.0991,1.4455
AT1G06030.1,0.0447,0.1288,0.1896,0.1804,0.1109,0.3283,0.08,0.1544,0.2853,0.3012,0.0467,0.2454,0.1066,0.1441,0.3914,0.5784,0.5663,0.8096,0.7776,1.2234,1.4048
AT1G06080.1,37.1954,44.2499,17.9946,42.3451,50.2148,28.2429,39.4229,25.2602,24.9555,51.4469,79.7555,38.0536,256.9475,189.3658,199.2689,175.805,213.9887,163.2843,228.9092,217.7976,193.2914
AT1G06330.1,2.0462,2.041,0.5627,1.9094,2.574,1.9001,2.0174,1.6326,0.8326,2.1911,3.0122,1.7839,6.0699,7.0042,3.9049,8.5237,6.0147,3.1812,5.3713,6.1934,5.3771
AT1G07690.1,1.5791,2.1275,2.6536,1.2514,1.3942,1.9806,0.9518,1.0943,2.4327,2.5285,1.7367,2.4568,2.4779,3.1023,3.6374,6.7925,3.7937,8.8046,2.9537,5.0357,3.1365
AT1G08630.3,0.2214,0.3465,0.5175,0.1949,0.2123,0.4942,0.3425,0.4432,0.4364,0.8666,0.4288,0.7812,1.067,1.6308,1.4642,3.9547,3.8358,6.8536,18.4969,17.4546,20.5658
AT1G08630.1,0.2009,0.3143,0.4693,0.1769,0.1926,0.4483,0.3107,0.402,0.3726,0.814,0.3889,0.64,0.9677,1.4602,1.3278,3.5862,3.4785,6.199,16.7945,15.8282,18.5576
AT1G08630.4,0.2259,0.3535,0.5834,0.1989,0.2166,0.5042,0.3495,0.4521,0.4191,0.8841,0.4374,0.7199,1.0886,1.6427,1.5225,4.0347,3.9135,6.8842,18.8714,17.7652,20.6208
AT1G08630.2,0.2196,0.3436,0.567,0.1933,0.2105,0.4901,0.3397,0.4395,0.4073,0.8593,0.4252,0.6997,1.0581,1.5966,1.4798,3.9213,3.8035,6.7258,18.3409,17.2659,20.0914
AT1G08630.5,0.2262,0.3305,0.5842,0.1992,0.2169,0.505,0.35,0.4528,0.4197,0.8538,0.4381,0.721,1.0643,1.5819,1.4672,3.9874,3.8946,6.804,18.5174,17.6838,20.3406
AT1G10060.1,0.9853,1.0091,0.6079,1.6753,1.6993,1.1309,1.1533,0.8648,0.71,1.7127,1.4997,0.9674,2.9931,1.7512,3.5693,2.3006,3.9821,2.4615,4.8125,4.1974,4.8803
AT1G10060.2,0.9879,1.0638,0.6399,1.6517,1.6564,1.121,1.1406,0.843,0.759,1.6694,1.4618,0.9868,2.9616,1.7249,3.6505,2.2878,3.9232,2.4454,4.6908,4.1096,4.7789
AT1G10060.3,0.6739,0.663,0.5418,1.0013,1.013,0.8543,0.714,0.5101,0.5294,1.0032,0.9708,0.7613,1.6655,1.141,2.5511,1.5151,1.9082,1.7057,2.9569,2.3814,3.0017
AT1G10070.1,2.9688,2.152,5.2654,2.3486,2.4217,3.2642,2.511,3.6091,5.5147,4.9456,1.5942,5.7888,4.2583,3.6218,6.3749,6.7251,8.2691,12.8581,23.0905,24.3592,27.9285
AT1G10070.2,3.1032,2.2702,5.4803,2.4579,2.5547,3.424,2.6316,3.8073,5.6775,5.2173,1.6518,5.992,4.4691,3.7831,6.4685,7.0708,8.7015,13.4356,24.3166,25.6593,29.3014
AT1G10070.3,2.8955,2.1379,5.1134,2.2934,2.3837,3.1948,2.4555,3.5525,5.3193,4.8681,1.5412,5.5909,4.1699,3.5299,6.0355,6.6196,8.119,12.5813,22.6887,23.9416,27.3613
AT1G11185.1,6.9415,4.0873,4.8958,3.8236,5.8221,6.2257,5.8656,8.543,10.1885,12.4637,20.6076,13.4609,23.6723,26.8923,43.183,27.2649,29.1169,35.8385,27.3321,32.7018,40.315
AT1G11920.1,0.1168,0.2269,0.2343,0.1595,0.2924,0.0799,0.2336,0.2382,0.0952,0.2284,0.0817,0.1244,0.3744,0.2792,0.277,0.7663,1.0294,0.8237,1.2019,1.2097,1.1483
AT1G12040.1,25.3565,42.4178,25.6546,33.3326,49.1238,35.772,33.5033,31.7023,44.4819,28.1939,31.3415,62.6775,51.5009,66.3573,58.0364,100.1748,116.1156,162.7724,105.9654,224.2113,128.0976
AT1G12560.1,8.1548,10.131,4.9536,6.7613,10.6752,9.6076,5.6676,11.5105,11.895,12.5787,11.9469,8.6889,12.901,22.8926,10.2159,29.0414,26.2676,28.0906,26.4889,36.5554,30.737
AT1G12672.2,0.2243,0.4366,0.4507,0.3066,0.2507,0.4065,0.4495,0.0663,0.3642,0.2933,0.4676,0.1794,0.3009,0.5861,1.3311,0.8002,0.6241,1.0028,0.9933,0.9926,1.8543
AT1G12672.1,0.3402,0.6627,0.2938,0.4652,0.3803,0.54,0.6141,0.1002,0.3688,0.445,0.4736,0.4528,0.4566,0.8898,1.5164,0.9349,0.7755,1.4594,1.4246,1.5827,2.6347
AT1G12950.1,2.1787,1.4329,1.4372,1.1898,2.0122,2.0005,1.2984,1.6115,1.991,1.8265,2.2765,3.5403,2.2098,2.9824,2.7776,4.1643,4.9546,7.37,4.0242,5.6243,6.5064
AT1G15040.1,2.7723,2.3507,2.0397,1.8327,2.0612,2.2527,1.8036,3.5662,2.9976,7.9768,3.2917,5.6383,5.7881,6.4789,8.8365,6.1396,6.5442,9.5028,13.5056,18.9441,13.1544
AT1G15040.2,2.6431,2.2412,1.9447,1.7473,1.9904,2.1478,1.7196,3.4,2.8579,7.6049,3.1382,5.3755,5.5183,6.1768,8.4245,5.8534,6.2391,9.0598,12.876,18.0609,12.5894
AT1G15125.1,0.17,0.31,0.4385,0.1744,0.2844,0.4037,0.4845,0.6312,0.4132,0.7473,0.31,0.5411,0.8521,1.1078,0.5294,0.5592,0.5796,0.9248,1.0334,1.5485,1.1206
AT1G15380.1,4.9434,5.7059,6.9675,2.7624,6.428,7.3188,4.4541,7.9196,15.7468,10.1492,6.1128,13.7701,10.6355,16.7536,16.49,9.5508,10.7676,20.2168,17.4635,24.0736,29.2459
AT1G15380.2,5.323,6.3507,7.8504,3.077,7.2815,8.0584,4.9198,8.7524,17.8179,11.2609,6.7497,15.5263,11.9945,18.5157,18.56,10.5846,12.034,22.8638,19.4027,27.0883,32.6626
AT1G17310.1,0.1371,0.1006,0.1772,0.1407,0.1722,0.3254,0.042,0.2399,0.2224,0.7358,0.4276,0.7623,1.1527,1.2046,0.7914,0.563,0.7778,1.4893,0.6562,0.9076,1.2581
AT1G17345.1,2.316,2.6443,1.2681,3.401,3.1739,2.8847,4.6957,3.965,3.6286,5.6544,9.4996,3.6558,10.3311,10.0986,9.1827,12.5923,9.8844,6.8089,9.2008,8.7268,6.2594
AT1G17710.2,0.3323,0.1626,0.3823,0.2781,0.248,0.1514,0.1785,0.3564,0.8393,2.0248,0.5011,1.7956,1.0098,1.1827,0.8234,2.0991,1.8782,5.5342,2.3186,3.3362,3.3424
AT1G17710.1,0.3676,0.1798,0.4229,0.3076,0.2743,0.1674,0.1973,0.3942,0.9285,2.2399,0.5543,1.9539,1.1171,1.3084,0.9108,2.3222,2.0778,6.0997,2.565,3.6908,3.6977
AT1G17810.1,25.5611,24.0599,14.4906,21.2337,25.6754,14.4064,25.4471,56.0287,34.8726,51.226,26.7088,24.2206,49.4059,85.8106,21.6172,64.1499,51.5089,45.1128,72.0095,90.2174,94.6588
AT1G18100.1,2.4593,4.3714,2.1229,3.1737,4.2812,2.5438,3.1133,4.6434,2.81,4.7662,3.8703,3.6316,7.4246,8.909,10.9555,9.0735,8.2898,8.3252,6.0852,11.3601,8.6239
AT1G18200.1,0.4721,0.4221,0.1817,0.3233,0.2205,0.1792,0.3794,0.3225,0.3415,0.7203,0.1651,0.2101,0.465,0.4467,0.5622,0.7359,0.8375,0.6468,1.1251,1.3956,1.2622
AT1G18970.1,0.6052,1.3671,0.7122,0.452,2.1201,1.6841,0.4312,0.8687,1.1177,1.1333,1.5506,1.3617,1.2848,3.7431,3.7799,2.9498,4.6829,5.1144,1.5875,2.7817,3.7069
AT1G19530.1,15.2599,11.6765,19.1233,7.9959,12.1563,16.6088,10.1949,11.8231,17.9142,15.6063,14.2772,24.4906,44.614,33.0415,92.0715,55.6331,51.3601,100.0396,130.554,146.7245,155.0216
AT1G19900.1,6.2973,16.8532,4.1655,10.5988,15.8435,6.9333,10.2772,11.4754,8.908,29.8622,17.7214,19.4717,75.4202,74.6701,62.0347,43.1181,52.1054,40.0329,49.5985,55.9387,28.1354
AT1G19960.1,3.3546,4.4474,3.2575,1.8656,5.5386,4.1402,2.7794,2.5762,3.325,2.3672,3.8338,3.1835,5.1535,5.2873,12.3615,8.657,8.9341,7.2302,8.2285,8.0991,7.0719
AT1G20520.1,1.4076,1.5444,1.1047,1.9698,1.3416,1.1765,1.3108,0.9549,1.7169,3.5157,0.9363,2.198,2.2684,1.6763,2.4575,2.4302,2.434,4.4113,5.5886,6.3469,7.0365
AT1G21326.1,0.31,0.4983,0.5878,0.4239,0.8304,0.6323,0.2989,0.5976,0.9057,1.0323,1.228,0.9394,1.7942,1.8633,1.8233,3.1147,2.4939,3.155,2.9762,3.912,4.0218
AT1G21360.1,1.7801,1.3644,2.1948,1.5083,0.9603,1.7317,0.9709,1.488,2.3091,1.7474,1.0633,2.7091,1.9812,2.1655,3.2181,2.8,2.5478,3.0418,5.5226,6.2934,6.0913
AT1G21400.1,2.0789,2.0221,3.0363,2.4542,1.4182,2.1313,1.8446,1.2835,2.5266,2.9374,1.7428,3.0666,3.9026,3.3816,6.1626,6.0173,5.927,8.8882,20.3796,22.3606,24.3576
AT1G22065.1,3.4692,4.1764,5.8634,2.7203,3.7582,7.5289,2.7872,1.0789,4.8782,1.2067,6.3428,4.5624,4.3103,2.6043,17.4317,6.4461,7.5345,15.9661,7.5462,9.0013,12.6525
AT1G23730.1,1.1715,1.0548,1.2445,1.3565,0.8695,1.4113,0.9775,1.2653,2.2711,2.6968,1.2712,1.8718,11.2858,15.7795,17.1374,15.5814,17.8524,27.446,23.4749,28.3413,35.9091
AT1G24530.1,7.0362,9.3477,3.0891,11.9127,9.7848,5.7335,12.6269,7.8108,7.1895,13.5473,17.0592,10.0197,21.058,21.0943,12.3042,21.0832,19.3584,15.378,22.8911,23.9933,17.2187
AT1G25240.1,0.3531,0.2328,0.2441,0.2178,0.3849,0.1688,0.1495,0.1555,0.4592,0.4503,0.1114,0.5919,0.3699,0.2547,0.6931,0.9025,0.8585,1.5017,0.7833,0.9157,1.2454
AT1G25530.1,3.3962,5.9814,2.5095,4.1271,5.4684,3.9591,4.1414,4.1247,3.6236,4.5336,6.0745,2.6056,11.8222,11.6375,7.8155,14.7174,15.4218,10.3438,16.3152,17.5872,11.629
AT1G26360.1,1.3181,0.9644,0.5153,0.795,0.9479,0.4494,0.9457,0.8266,0.5876,1.3247,0.7874,1.1538,1.29,1.8498,1.2058,2.5393,2.2683,2.0059,2.2306,3.1344,1.8901
AT1G27020.1,9.7706,11.5018,9.0079,10.3043,11.0731,12.7103,7.9549,7.622,10.082,9.5567,11.4167,11.166,14.225,11.8373,16.4267,20.9401,22.5998,24.0571,35.1414,31.257,24.9764
AT1G28370.1,1.1451,1.8756,1.9365,1.5354,1.4595,1.3098,2.3999,1.8484,2.8295,4.3135,4.6393,5.9254,8.8162,8.5449,9.3646,5.9352,6.2701,7.7517,7.2541,7.0123,5.8086
AT1G29090.1,36.6703,44.0235,33.9785,35.3582,40.0959,59.167,33.7402,46.7154,46.7814,61.8969,35.6118,47.9238,87.6923,96.5047,61.4096,162.0669,130.524,171.041,104.4046,139.1889,72.3518
AT1G29540.1,0.2432,0.5324,0.2623,0.1667,0.4072,0.4133,0.2928,0.2135,0.2964,0.6547,0.4438,0.4364,0.7817,1.0321,0.5419,1.051,1.5214,1.0535,1.5254,1.4931,1.557
AT1G30795.1,0.0757,0.0556,0.0655,0.1032,0.1263,0.0519,0.136,0.0665,0.1225,0.001,0.001,0.001,0.1214,0.1967,0.1345,1.1113,0.342,0.713,1.4944,2.2894,1.0207
AT1G30850.1,0.9868,0.5619,0.7574,0.3258,0.3991,0.8464,0.265,0.8662,0.6246,0.682,0.764,1.314,0.7367,1.0056,1.0776,1.1771,1.7794,2.3968,1.8399,2.5305,3.403
AT1G30870.1,23.1537,31.1643,11.7619,18.3779,32.8076,14.9837,16.8102,29.4058,17.3683,31.6922,24.4938,20.8875,38.104,58.7609,19.9169,77.7687,83.7806,43.9742,72.2648,97.2783,73.6357
AT1G31885.1,0.6896,0.9412,0.1595,0.5664,1.156,0.6262,0.3606,0.6858,0.5983,0.9022,0.9124,0.5513,0.778,1.3542,0.7803,1.6692,2.167,1.3654,1.4289,1.5911,1.0703
AT1G34510.1,11.0547,15.6333,13.6128,11.0442,12.4241,11.8437,8.3705,9.9279,14.7439,13.2388,10.396,17.3437,14.8195,13.5901,17.614,31.1028,31.604,37.2986,35.6127,46.8797,50.1343
AT1G34540.1,1.6644,1.4567,1.488,1.0782,1.7449,1.3562,0.86,1.2783,2.1509,1.488,1.5528,3.3004,1.8683,2.7251,2.5753,3.7545,3.6179,5.9479,3.3228,5.1651,4.6771
AT1G35183.1,0.5857,0.001,0.001,0.201,0.4914,0.001,0.3533,0.5141,0.952,0.001,0.3065,0.2346,0.4722,0.384,0.2622,0.7254,0.891,0.6568,3.2487,1.5589,2.8187
AT1G35310.1,1.2963,1.6077,1.4107,0.9259,1.607,1.5351,1.1887,1.3355,1.6499,1.4384,1.531,0.5861,3.4961,2.1039,3.8254,13.1186,14.8742,14.2772,21.5657,22.2478,23.7046
AT1G35617.1,0.3662,0.4463,0.001,0.5008,0.3073,0.2497,0.1477,0.1078,0.397,0.1205,0.5098,0.3901,1.0803,0.7985,0.3273,1.1071,1.1128,0.9568,1.8945,1.1363,1.5655
AT1G36060.1,1.5508,1.2941,2.2166,1.2438,1.5446,2.4745,1.5038,2.5087,2.8369,4.5175,2.7337,4.3744,4.7046,4.5538,9.2615,7.3413,7.2623,11.6259,10.8156,12.8249,14.6276
AT1G43160.1,0.9308,1.5403,1.3527,1.0726,2.1764,1.3007,0.9446,1.4612,2.5482,3.4598,2.0464,2.3475,2.762,3.0786,4.942,3.5175,3.502,3.8159,3.9517,5.3146,5.8971
AT1G43800.1,14.2726,12.0449,4.4456,12.5508,11.0911,4.1784,12.3918,2.1489,3.6458,6.0229,15.8434,8.1038,16.8576,16.5128,23.6014,23.1559,26.925,30.4114,15.279,14.1869,12.5874
AT1G44090.1,0.1934,0.0854,0.3331,0.1063,0.2591,0.3416,0.001,0.2711,0.5016,0.0765,0.0814,0.4314,0.156,0.1522,0.2073,0.1599,0.0303,0.6267,1.1407,1.0005,1.4534
AT1G48325.1,0.001,0.0731,0.1711,0.001,0.0836,0.2023,0.001,0.1739,0.2414,0.1944,0.001,0.3947,0.001,0.6464,0.6172,0.7334,0.4509,1.7692,0.8767,1.0511,2.0586
AT1G48640.1,0.428,0.4334,0.1144,0.4055,0.4417,0.5825,0.377,0.491,0.642,0.7103,0.2755,0.4997,0.5039,1.0122,0.7053,0.9775,1.1008,1.0877,0.7307,1.248,1.0298
AT1G48930.1,2.8939,3.5175,3.0855,2.5191,3.0518,3.3036,1.6415,2.6144,3.9106,4.72,2.2903,5.0326,3.3441,3.5822,5.6267,7.3448,7.5611,9.9738,10.761,13.4194,13.4129
AT1G49210.1,0.9659,1.1154,1.1407,1.53,1.2362,1.2114,0.9189,1.1597,3.1398,3.9891,1.7521,3.9375,2.1294,2.3963,4.3116,2.4757,2.0881,3.9882,4.1007,3.553,3.9168
AT1G49570.1,8.4602,9.3928,11.0832,8.718,10.0685,10.1102,7.898,10.7697,15.1741,19.5625,11.6,16.941,28.8893,36.9295,58.7941,98.7826,137.5389,139.8838,109.33,132.3207,96.3322
AT1G50040.1,1.3517,1.2108,0.8338,1.1516,1.4113,1.2024,1.2965,1.4041,1.3237,1.6516,2.0748,1.1465,3.067,3.1792,1.7497,3.1657,3.5465,3.6957,5.3091,5.4546,4.717
AT1G50060.1,0.5781,2.2172,1.184,1.0376,2.9656,2.7027,1.9134,3.1663,3.1103,3.3999,2.2623,2.4798,4.8266,8.6487,6.0596,6.3165,7.4674,7.0401,3.8476,5.0945,5.2156
AT1G50110.1,2.4223,3.3188,3.1506,3.8748,2.9185,2.8342,2.9804,3.2332,4.2166,6.4284,4.7403,5.2335,17.4545,15.4827,23.5853,15.3519,15.7552,17.6536,18.0852,15.2439,16.792
AT1G52890.1,0.5926,0.6883,0.5717,0.6439,0.7014,0.309,0.5251,0.5507,0.5387,1.743,1.0918,2.1422,1.3191,1.5738,1.8354,1.5817,1.1927,1.0938,1.4184,1.4149,1.9574
AT1G53340.1,1.3543,1.5427,1.1691,1.4583,1.3221,1.134,1.3109,1.0328,1.5887,2.5707,1.7859,2.9084,2.8976,2.1228,4.679,2.7861,3.1583,4.455,4.6015,5.72,5.5783
AT1G53680.1,0.8593,1.305,0.8559,0.498,1.3854,0.6754,0.5182,0.6963,0.9138,2.0102,1.3118,1.795,1.5975,1.0823,1.3579,2.1278,2.4633,3.4817,1.6636,3.3876,3.0239
AT1G53708.1,0.4262,0.7268,1.6526,0.3405,0.7143,1.2558,0.4707,0.9339,1.4419,1.8098,2.4447,2.6062,1.3147,2.9258,4.2436,2.1668,2.4821,4.1742,1.7331,2.6447,2.1641
AT1G53890.1,0.0603,0.0444,0.2058,0.0822,0.1503,0.3646,0.1797,0.2093,0.2422,0.3504,0.063,0.2855,0.0966,0.3896,0.5311,0.736,0.4074,0.733,1.2752,1.3447,0.7634
AT1G54970.1,14.2233,20.4716,11.3914,20.4093,22.3744,16.817,20.4008,15.8354,21.5514,20.7689,14.1965,27.9057,61.0501,78.081,40.9687,164.222,168.7963,178.0133,158.7347,295.1985,162.6288
AT1G55290.1,0.5996,0.5419,0.3049,0.507,0.503,0.4566,0.4889,0.4336,0.4878,0.8305,0.4057,0.5075,0.5402,0.5546,0.8504,0.8735,1.0729,1.3438,1.018,1.3145,1.5848
AT1G56650.1,0.3912,0.3578,0.2957,0.535,0.2874,0.1339,0.4124,0.0866,0.1597,0.9107,0.2558,0.3518,0.5121,0.4803,0.9598,1.2499,1.3745,1.7791,2.6381,3.3801,1.3331
AT1G59725.1,0.2692,0.1645,0.3097,0.0928,0.226,0.549,0.3512,0.1972,0.51,0.5715,0.0944,0.8227,0.5415,0.3817,1.0795,0.7395,0.5794,1.3297,0.7956,0.9837,1.8322
AT1G59740.1,0.4177,0.354,0.6068,0.6013,0.3137,0.6582,0.4239,0.3282,0.5183,0.3239,0.3906,0.7547,0.7611,0.6763,1.5883,0.9792,1.4532,1.9444,1.8041,2.2509,2.3264
AT1G61255.1,22.2189,34.3113,14.2065,37.39,38.0294,17.316,36.2938,24.7707,14.4562,24.3956,28.6335,21.0439,57.9665,53.0981,32.2048,72.9959,53.9224,45.2264,83.678,78.2214,54.1326
AT1G61750.1,0.1746,0.2867,0.2257,0.5058,0.2558,0.2078,0.1579,0.2676,0.248,0.1288,0.2731,0.1397,0.2808,0.4558,1.0479,0.8612,1.1239,1.7532,0.7723,2.0533,1.2558
AT1G61800.1,3.6093,3.3471,2.0119,3.0728,2.5746,1.9938,4.8627,2.5442,3.5593,5.7463,7.8088,4.2922,11.2673,13.8855,10.8153,8.707,8.9745,10.9633,5.2616,5.9815,7.874
AT1G62380.1,359.4106,480.2216,446.2188,456.171,418.7551,338.7013,333.5883,314.7001,322.1351,513.5763,295.9021,454.9005,873.0542,564.1724,1110.7861,828.2952,757.3353,947.8955,1174.3965,1126.1029,1049.7121
AT1G62980.1,7.874,14.6427,4.493,8.1277,14.6252,7.6037,7.9607,11.4773,9.4786,11.1351,11.388,7.3589,16.1693,23.6321,9.9765,32.7346,27.1504,19.6328,25.3672,36.6823,24.0095
AT1G63410.1,0.3576,0.1575,0.432,0.245,0.001,0.4867,0.0869,0.4392,0.8711,0.6311,0.6718,0.514,0.9208,0.7953,1.1481,1.2381,0.6524,0.841,0.9519,1.1888,1.4905
AT1G63600.1,1.2191,1.0702,0.9683,0.8345,1.1452,0.8968,1.2046,1.1982,1.3482,1.4359,0.6628,2.9991,1.4932,2.1714,0.9152,2.9387,3.7833,5.384,2.1301,5.7133,5.5973
AT1G63930.1,0.7714,1.2633,0.5596,0.6969,1.6293,0.8614,1.0036,0.6771,0.5774,1.2715,0.7738,0.592,1.4663,1.838,1.24,2.3935,2.4869,2.2995,2.1691,2.5874,2.8226
AT1G64160.1,0.0546,0.001,0.001,0.0744,0.2258,0.001,0.001,0.048,0.0446,0.0536,0.001,0.0438,0.0442,0.001,0.0968,0.1781,0.2458,0.3317,1.2714,1.0008,0.7329
AT1G65300.1,0.1605,0.001,0.1386,0.0374,0.001,0.0372,0.033,0.001,0.0442,0.001,0.001,0.001,0.0438,0.0358,0.1435,0.0449,0.2033,0.0904,1.0639,1.3819,1.1964
AT1G65330.1,0.001,0.0785,0.4124,0.0372,0.001,0.2895,0.001,0.094,0.1302,0.209,0.001,0.0856,0.0864,0.0357,0.0483,0.001,0.0816,0.0307,0.7855,1.518,1.2772
AT1G66440.1,0.2864,0.493,0.1066,0.4055,0.3942,0.2508,0.4308,0.2335,0.3491,0.4812,0.7678,0.7992,1.4138,0.9758,1.5673,1.2468,0.9473,1.7043,1.6767,1.997,1.7037
AT1G67328.1,0.5532,1.1051,0.7954,0.5048,1.02,0.9286,0.5555,0.9056,0.6597,1.1574,0.8088,0.5011,0.8615,1.1345,1.251,1.7646,2.2145,1.5082,2.7276,3.2872,2.8102
AT1G68568.1,0.6133,0.7688,0.756,0.7193,0.4412,1.371,0.4226,0.3081,0.3567,0.6021,0.7322,0.4204,1.1995,0.7459,1.486,1.5182,2.1979,1.2764,2.0093,0.9915,1.5467
AT1G69240.1,2.0058,2.3212,1.1116,1.7619,2.2095,1.6923,1.3171,1.7342,2.0452,2.1159,1.7519,3.1335,2.5333,2.9609,2.7281,4.7957,4.5557,5.6731,4.9652,8.1136,6.4182
AT1G71030.1,2.5324,2.5471,2.108,2.9705,2.6929,2.3713,2.2344,3.1746,4.0082,4.5715,2.0793,4.6971,4.5916,4.6502,4.7266,6.4228,6.3656,5.2487,13.8279,14.4547,13.072
AT1G72290.1,16.5425,18.0699,11.5228,21.486,17.2222,9.9062,20.7624,23.1184,18.3225,22.159,14.6439,14.8499,43.7855,51.2469,23.8547,56.2251,48.9734,40.9377,66.3796,75.33,68.6762
AT1G73560.1,0.001,0.001,0.001,0.116,0.001,0.0582,0.001,0.001,0.001,0.001,0.001,0.001,0.001,0.056,0.001,0.001,0.001,0.001,1.3075,1.0082,0.8781
AT1G73610.1,0.1304,0.0641,0.0382,0.06,0.1096,0.1185,0.105,0.4553,0.1063,0.128,0.2264,0.1389,0.2792,0.114,0.2708,0.2504,0.2308,0.3155,2.5252,2.1851,1.8029
AT1G76210.1,0.3889,0.4739,0.373,0.3254,0.8324,0.4999,0.4684,0.7953,0.5618,1.0587,0.5414,0.8276,1.2168,0.7351,2.1575,0.8553,0.8538,2.2731,1.5013,1.2929,2.3204
AT1G76930.1,368.6165,639.0407,403.1262,574.0427,669.506,583.0348,560.0107,447.5329,527.8345,281.3801,412.7805,431.0628,702.612,546.8991,933.4038,950.1698,1245.1292,1187.9552,1336.7567,2442.019,773.9177
AT1G76930.2,355.6489,618.3527,388.2436,556.1708,646.6204,562.4708,540.8086,432.8117,508.4555,272.5144,399.2327,416.1717,679.0695,528.8469,898.7419,918.533,1203.356,1144.7684,1293.8194,2361.5238,745.6646
AT1G77145.1,0.4916,0.928,0.7067,0.3087,0.241,0.3907,0.2719,0.2521,0.3667,0.2016,0.2573,0.197,0.4293,0.2956,0.9507,1.0477,0.841,0.7575,1.3634,2.1795,1.5114
AT1G77330.1,84.1593,62.0885,110.3449,68.7669,57.6099,81.3945,44.6161,57.5952,106.6593,95.8227,71.7342,145.6347,118.6365,100.2447,255.1628,132.5419,131.4132,251.3009,209.1868,210.7953,265.5605
AT1G77380.1,6.7789,7.7154,5.6468,7.8824,6.1628,5.2136,6.9692,5.6372,6.3035,10.6093,7.7271,7.7658,15.4917,11.4118,17.9786,14.2313,16.1797,13.7968,17.3951,16.4033,16.9424
AT1G79860.1,0.1052,0.1725,0.2033,0.3218,0.4598,0.2493,0.2521,0.2296,0.3823,0.3845,0.1643,0.6046,0.5678,0.5641,0.3734,0.9476,0.9129,1.0819,0.927,1.5105,1.0261
AT1G80160.1,2.1736,1.174,3.7516,0.8151,1.7799,2.9248,1.3101,2.2255,3.4507,2.083,2.1631,2.1506,2.1273,3.3558,4.8079,4.9572,5.0797,6.9636,9.4641,16.1965,14.3772
AT1G80160.2,1.9491,1.0528,3.3641,0.731,1.596,2.6226,1.1748,1.9956,3.0942,1.8678,1.9397,2.0026,1.9076,3.0091,4.3112,4.445,4.5548,6.244,8.5205,14.5229,12.8915
AT1G80760.1,2.7253,2.7209,2.0665,3.2004,3.7372,1.806,3.3504,3.1349,3.1148,5.7109,3.2708,4.0315,6.7662,5.572,4.9022,5.9,5.7448,6.7936,8.917,8.2899,6.8021
AT2G02930.1,9.8651,13.2873,11.135,9.5092,12.7688,16.6,8.0302,12.9442,23.7587,12.7563,20.5655,21.9815,23.9279,36.1,60.8906,47.6697,101.6003,106.889,73.6536,91.7385,60.5655
AT2G03720.1,0.8444,1.0421,1.2749,0.2896,0.7968,1.0061,0.5727,0.6486,1.1584,1.3463,0.9924,2.065,0.7657,0.8297,2.1204,2.6567,1.1644,3.6666,2.1872,3.0558,4.6159
AT2G04795.1,1.1928,0.8728,1.8379,0.7583,0.8578,1.1024,0.7191,0.8228,1.7317,0.9202,1.6021,1.4296,0.8929,1.7297,3.0434,2.3915,2.8516,2.1015,2.9642,2.8362,2.736
AT2G05440.1,9.4687,7.2298,7.6362,6.1013,9.2748,11.06,6.33,1.9417,1.5185,1.0186,7.3664,1.6025,11.5862,2.3098,21.0567,21.3483,23.4582,14.2632,34.0883,36.6441,6.9949
AT2G05440.2,8.643,6.5467,6.9313,5.5791,8.3802,9.8926,5.8357,1.776,1.3468,0.9035,6.5334,1.4214,10.4735,2.129,18.8395,19.5413,21.4581,12.8564,31.1862,33.1937,6.3516
AT2G05440.3,9.4987,6.9982,7.672,6.1752,9.048,10.8112,6.3776,1.9657,1.4907,0.9999,7.0897,1.5732,11.4287,2.3564,20.7316,21.4055,23.2349,14.04,33.8155,36.018,7.0303
AT2G05440.6,10.2782,7.4646,8.2974,6.477,9.6129,11.7321,6.7723,2.0773,1.6245,1.0897,7.6494,1.7145,12.3362,2.5196,22.5942,22.718,24.8724,15.0111,36.2514,38.3676,7.6618
AT2G05440.4,9.129,6.7708,7.1686,5.8134,8.7734,10.2313,6.1119,1.8368,1.3929,0.9344,6.757,1.47,11.0364,2.2018,19.5411,20.315,22.3375,13.332,32.4417,34.6679,6.6199
AT2G05440.5,9.2149,6.8843,7.3899,5.9035,8.8798,10.5027,6.1038,1.8935,1.3827,0.9632,6.7608,1.5154,11.1139,2.227,19.9694,20.4026,22.3808,13.5605,32.9111,35.0856,6.6144
AT2G05440.7,9.3062,7.0543,7.509,5.9531,8.9931,10.7915,6.1763,1.9538,1.4268,0.9939,6.9762,1.5637,11.3593,2.2538,20.4852,20.6072,22.6834,13.8413,33.1109,35.5298,6.6085
AT2G05440.8,9.9658,7.5062,8.1562,6.4157,9.5969,11.6623,6.6276,2.0739,1.6218,1.0879,7.6367,1.7116,12.1968,2.4671,22.4907,22.5583,24.5502,15.0276,35.5899,38.2547,7.4712
AT2G05510.3,24.6008,24.7935,29.5255,20.575,33.9953,33.8764,22.3514,20.6299,16.3869,14.3364,27.3374,11.6088,45.445,20.4132,79.1982,225.3692,232.1526,183.9896,472.1369,664.1515,291.1129
AT2G05510.2,23.3806,24.8043,27.5764,19.7753,33.3119,32.4357,22.7496,20.7097,15.5899,14.1132,26.2513,11.1994,45.9388,19.9303,74.6717,221.1086,227.5561,179.2875,465.69,639.4454,281.5062
AT2G05510.4,21.5297,23.1911,25.0988,18.5055,31.0495,29.5451,21.1587,19.5278,14.3601,13.016,23.8681,10.2291,42.5863,18.4038,67.9716,206.0056,211.1531,164.5402,435.0758,593.0916,257.9052
AT2G05510.1,20.6747,22.27,24.102,17.8137,29.8164,28.4575,20.3184,18.7523,13.7898,12.4991,22.9202,9.8229,40.8949,17.6729,65.3284,197.8239,202.7669,158.076,417.8896,569.6622,248.1684
AT2G05510.5,22.8578,24.1457,26.9597,19.2845,32.5074,31.7586,22.1981,20.122,15.2413,13.6582,25.6642,10.8355,44.7398,19.3916,73.0017,215.3429,221.2786,174.4021,453.4878,622.2604,275.0395
AT2G05510.6,23.3999,24.6223,27.8433,20.0028,32.8747,32.2708,21.8822,20.4059,15.6088,14.2752,26.0703,11.1495,44.4412,19.536,75.6483,217.9534,228.5273,178.6229,463.0388,640.1352,282.388
AT2G05910.1,0.7159,1.3688,2.2795,1.0547,1.9383,1.7986,1.5252,1.0145,1.0297,0.9187,2.8742,1.6271,2.1729,3.0272,4.9148,3.9982,5.3165,11.4433,3.5038,5.7891,4.5949
AT2G13360.2,26.6567,21.1385,28.1329,21.447,21.3326,32.8759,32.2448,31.8976,37.9849,28.6522,35.1816,23.6743,26.668,34.6765,27.9779,42.0862,54.9474,54.8677,95.3908,112.2169,91.2039
AT2G13360.1,26.5178,21.0283,27.9863,21.3352,21.2214,32.7046,32.0767,31.7314,37.787,28.5029,34.9983,23.5509,26.529,34.4957,27.8321,41.8668,54.6611,54.5818,94.8936,111.6321,90.7286
AT2G14210.1,0.2463,0.1804,0.2127,0.1129,0.1381,0.2794,0.0749,0.0727,0.134,0.1615,0.2146,0.295,0.1657,0.1885,0.9141,0.6425,0.3121,0.8722,0.7276,1.1175,1.2159
AT2G15760.1,0.1764,0.2319,0.334,0.313,0.2657,0.3831,0.2546,0.4935,0.4859,0.3797,0.3308,0.9539,0.9903,0.5983,1.5051,0.899,0.695,1.3385,0.7543,0.9588,1.0715
AT2G15960.1,45.0231,36.2791,69.5254,29.0438,28.42,60.2799,20.134,30.0455,75.9956,43.7356,51.5775,66.1487,50.5563,49.617,160.8045,81.2475,88.696,150.7711,153.7842,169.3217,221.2108
AT2G16060.1,11.0702,14.2968,6.2639,12.5768,16.4368,6.2404,10.2764,5.625,5.8158,12.2706,13.7256,13.2908,40.169,33.0653,48.5062,40.1581,38.3338,35.0793,34.0487,29.5656,24.4616
AT2G17850.1,3.3647,3.4327,1.2235,2.6661,2.9707,0.8449,1.8677,0.7778,0.7929,1.3044,6.8454,2.689,5.7084,4.0021,11.7854,5.7767,8.3545,10.525,4.9179,6.0153,4.8357
AT2G17880.1,16.4638,20.027,10.5298,25.2929,25.3856,14.022,29.344,21.2899,20.0652,37.5885,32.2488,27.4854,86.8932,105.4126,54.5367,80.4107,85.5065,62.7257,121.2488,156.9812,95.7299
AT2G18690.1,14.2445,15.641,11.9136,12.168,13.3512,14.6897,11.7607,12.9997,20.3944,24.5544,33.1331,31.1952,62.7963,61.9432,92.0776,55.9269,58.48,70.3689,73.5634,70.3717,73.7932
AT2G18690.2,14.7332,16.2532,11.8025,12.8888,13.9626,14.828,12.3373,13.5296,20.5441,24.9984,33.6457,31.0312,64.8242,64.4888,92.5096,58.1021,60.2236,68.9914,76.631,73.2721,76.1879
AT2G19590.1,12.368,10.5872,12.0951,10.7818,10.1528,10.9534,9.4737,7.9965,10.5134,18.4045,16.8757,21.2386,24.7341,23.939,39.2634,24.2331,21.7038,28.6103,23.2403,21.6039,29.0347
AT2G19970.1,1.4901,2.5282,1.0293,2.1205,2.0493,2.0291,1.7955,1.3601,1.9387,3.2169,1.806,1.429,1.9693,1.913,2.8217,4.5272,4.081,4.8113,6.1772,5.5163,5.3116
AT2G20160.1,0.0993,0.001,0.001,0.001,0.001,0.001,0.0602,0.001,0.001,0.0975,0.001,0.3152,0.001,0.1942,0.001,0.407,0.4499,0.7177,5.9714,6.7461,7.2656
AT2G20520.1,16.205,19.7155,11.1998,15.814,20.0367,17.5953,12.7167,13.6838,23.7307,21.8108,18.0963,28.2131,27.961,37.8647,32.9378,62.6417,63.654,72.8565,58.6041,84.9059,68.655
AT2G21910.1,6.9332,9.0182,7.712,12.2669,7.956,6.914,8.5643,5.6264,7.1248,10.5642,6.8808,11.2427,14.7053,9.9574,23.7919,12.7459,15.9389,19.9599,24.8984,21.8918,18.3125
AT2G22122.1,23.1174,14.5205,37.9328,12.0742,12.2642,25.3097,12.551,11.0403,45.6385,18.2827,22.6191,69.65,21.9897,28.7355,75.3204,46.1476,34.2545,110.3093,52.2095,42.7685,57.4743
AT2G22880.1,2.197,2.1743,1.8964,2.9179,3.0345,1.9362,3.8146,3.6285,1.7869,7.2287,6.2098,3.3042,12.3901,13.5401,7.9647,10.8834,7.0792,5.2168,9.0896,8.6917,6.2262
AT2G24980.1,228.3997,361.8096,188.143,308.0522,433.5138,335.1048,312.1604,253.1388,393.58,187.8586,294.9035,480.8544,482.4759,608.8994,453.5973,1184.9584,1380.8108,1730.2214,1312.329,3355.788,1501.4741
AT2G25820.1,0.0498,0.0724,0.0853,0.0678,0.1239,0.2338,0.1481,0.1724,0.0804,0.1927,0.001,0.5083,0.3552,0.5768,0.4809,0.8076,1.0044,1.7262,0.7966,1.172,1.3345
AT2G25940.1,1.3624,2.0724,1.6931,1.8828,1.4625,2.467,1.3134,1.2674,1.706,0.8563,1.4235,2.0681,4.8727,3.5148,8.5888,4.5212,4.1454,8.3688,4.1349,5.9137,4.9217
AT2G26070.1,12.1237,11.5877,7.9491,12.9499,11.7628,8.7163,13.1841,11.344,11.4058,19.0742,22.4221,12.2202,40.4449,44.6331,32.3826,39.8422,36.1339,29.1377,37.0405,40.4617,35.4207
AT2G26740.1,22.5613,21.1512,23.1518,23.8994,21.0288,24.6902,28.0122,23.5389,31.8074,23.3419,29.895,23.2892,53.3846,62.6304,51.2617,84.6843,86.8341,84.9172,98.9286,108.8464,76.1808
AT2G26750.1,2.7729,3.1828,1.8414,3.5903,3.5419,2.4984,3.4183,4.7165,2.7408,4.6057,4.5461,3.034,8.6967,10.5049,4.802,12.6457,13.8594,8.8737,14.9716,15.71,9.0779
AT2G28040.1,0.2319,0.1217,0.3427,0.1364,0.1393,0.1807,0.1401,0.1168,0.2961,0.3248,0.2078,0.3964,0.2403,0.1091,0.1779,0.1917,0.1265,0.3155,0.8561,0.9899,1.7498
AT2G28570.1,3.7542,2.577,3.8005,3.457,4.7811,2.5568,3.2116,2.3595,2.6011,4.1856,4.7458,5.6663,7.6194,6.6484,15.0709,6.4687,7.2301,9.6936,7.8253,7.2544,11.2778
AT2G29290.1,2.4605,1.2244,1.7843,1.5045,1.5963,1.3409,2.4906,1.3249,0.9878,2.351,2.4339,0.9968,3.5427,3.4812,2.9311,4.741,5.6915,4.2678,6.9231,6.3142,4.0047
AT2G29290.2,2.4219,1.2126,1.7332,1.4614,1.5773,1.3025,2.4768,1.3148,0.9854,2.3461,2.3974,0.9683,3.4412,3.4857,2.8471,4.6577,5.601,4.1812,6.7953,6.2393,3.8899
AT2G29470.1,0.001,0.001,0.0459,0.0722,0.0446,0.0364,0.0637,0.0467,0.1703,0.4607,0.001,0.3336,0.6301,0.4782,1.9071,0.3878,0.4366,1.0223,1.3883,1.2488,1.004
AT2G29620.1,0.3121,0.3297,0.7767,0.1666,0.2329,0.4482,0.2093,0.3954,0.5773,0.6457,0.1635,1.0231,0.2517,0.2727,1.0665,0.3293,0.5272,1.5518,1.0122,1.5898,2.3193
AT2G31085.1,41.4071,43.5866,23.8275,46.2445,57.5283,24.7585,41.1752,26.8108,42.778,34.781,88.0266,67.5236,110.563,112.6333,191.9001,103.2235,101.0075,99.304,76.1057,73.5522,59.8242
AT2G33130.1,0.1439,0.1055,0.1243,0.001,0.1208,0.001,0.0871,0.2518,0.1172,0.001,0.001,0.1152,2.0738,2.9961,2.4266,3.3053,1.3059,2.0042,1.0592,0.6672,0.4601
AT2G33830.1,170.0105,249.1194,147.506,204.8168,269.136,140.0248,231.8053,341.4401,194.3185,315.8598,147.3046,150.8774,406.1474,408.8615,227.916,535.5045,563.3984,238.7778,1003.8854,1008.9275,554.3854
AT2G33830.2,165.5295,242.4565,143.5609,199.3389,261.9378,136.3247,225.6055,332.308,189.1213,307.4118,143.3648,146.842,395.3379,397.9262,221.8202,521.2911,548.4303,232.3915,977.1334,982.0308,539.6109
AT2G34000.1,0.294,0.5725,0.4225,0.2683,0.4106,0.666,0.4129,0.6009,0.2393,1.0555,0.6133,0.4693,1.1817,0.5768,0.7863,1.2109,0.8186,0.4392,1.5199,1.4322,1.2561
AT2G34810.1,0.7883,0.9009,1.1266,1.2469,0.8265,0.7885,1.0239,0.3897,0.5213,1.112,0.7466,0.9448,1.3495,0.9681,1.5839,2.0129,1.8174,2.4709,2.698,2.8692,2.9456
AT2G34870.1,1.0527,1.6358,1.8166,1.6653,1.0485,1.7467,1.7436,2.02,2.0859,1.0979,1.9929,2.1022,2.3851,2.6708,3.2313,4.8873,3.4529,5.6781,5.6483,6.3939,5.8615
AT2G34910.1,1.4733,2.2773,1.5895,1.5122,2.3303,1.8694,1.5937,1.4692,2.9671,2.9243,1.5743,2.8354,2.563,3.1136,3.0206,5.777,4.6867,5.3115,5.4778,5.8184,5.8331
AT2G39705.1,63.111,57.0304,53.4105,67.5199,67.6646,56.5324,70.0351,42.2963,71.475,61.4071,90.1585,84.3185,130.4412,106.5055,135.7961,165.1316,124.8144,117.3088,166.8795,149.5194,129.2515
AT2G39980.1,11.1148,12.0176,9.0227,14.1455,12.8159,11.5851,20.8638,15.391,18.3312,51.072,41.3273,38.3728,128.95,129.226,99.8418,106.0378,112.3435,123.7721,141.7322,152.1363,150.3166
AT2G41225.1,0.001,0.001,0.001,0.0674,0.4079,0.0671,0.1764,0.001,0.001,0.6677,0.812,0.8539,2.1905,5.0856,8.8432,2.4852,3.4714,7.02,1.2226,1.3582,2.8843
AT2G41230.1,4.6347,4.7376,2.6674,4.5945,4.286,4.0059,6.3006,5.7357,6.4266,20.4695,28.3066,19.9397,87.2855,96.7848,86.414,73.0602,71.7066,72.6958,58.6937,84.052,87.7974
AT2G41850.1,0.6174,0.648,1.4353,0.6062,0.6304,1.4428,0.4531,0.7536,1.8319,2.1583,0.8131,2.0142,3.6515,2.3185,7.0652,8.7668,6.2425,19.3599,6.4322,11.6946,9.7095
AT2G42850.1,0.7019,0.6572,0.8963,0.5957,0.8005,0.9555,0.6429,1.0343,1.5058,3.7437,2.1688,5.3107,3.4581,3.3986,9.6951,3.7985,4.1829,8.5069,4.3821,6.9294,7.4995
AT2G43100.1,0.5192,1.3593,0.4483,0.9466,1.9206,0.8244,0.8336,0.5316,0.3873,0.4673,1.0839,0.7257,1.1844,0.6516,0.6569,2.1054,2.7617,1.6962,3.0074,3.683,3.8164
AT2G43140.2,0.9876,0.6938,0.6482,0.6221,0.7292,0.8878,0.9045,1.2478,1.3169,4.6496,1.4855,3.3438,4.1358,3.7495,5.149,3.619,3.1245,4.715,3.3622,2.8664,4.1533
AT2G43140.1,0.7162,0.5939,0.536,0.4578,0.4809,0.5529,0.8915,1.0889,0.8928,3.7452,0.7483,2.3632,3.2289,3.0306,3.409,3.0332,2.5773,3.37,2.9671,2.5735,2.9114
AT2G44070.1,0.9958,1.4261,1.1817,1.788,1.3569,1.2148,1.1499,0.8377,1.518,0.652,1.8634,1.7235,3.6759,1.8475,5.8158,3.767,3.7235,5.9521,4.606,3.9495,4.9618
AT2G44080.1,119.7657,94.6236,128.7101,126.8055,108.2111,131.0476,180.3002,154.4205,267.2731,260.5355,306.4362,333.8402,323.4917,302.5524,511.5359,290.4671,344.8596,412.4536,296.4777,344.9905,401.1587
AT2G44110.2,2.298,2.0413,2.9042,1.7786,2.0881,3.3528,1.1543,1.8248,4.938,2.9806,2.0583,4.8959,2.4694,2.2581,6.3535,4.7214,4.6835,11.0885,6.9071,8.4165,12.74
AT2G44110.1,2.3697,2.1285,2.8996,1.8681,2.1889,3.4312,1.1753,1.8692,5.1462,3.0032,1.9748,5.2245,2.7076,2.2991,6.4575,4.7558,4.7931,11.4185,7.1071,8.8091,12.9818
AT2G44370.1,0.5136,0.4913,0.3413,0.2438,0.6624,0.5917,0.2861,0.6238,0.4499,1.0847,0.7014,0.4106,0.8908,0.8017,1.0226,0.6523,1.3813,1.1729,1.1399,1.1566,1.3311
AT2G44570.1,1.6627,1.785,1.3427,2.0734,2.3163,1.1325,1.6158,2.1648,2.2678,4.605,3.6136,3.5991,10.3909,8.4458,8.2865,6.354,7.5479,6.4941,8.1988,8.5703,9.7095
AT2G46750.1,0.2524,0.8872,0.2969,0.7361,0.7295,0.359,0.3866,0.1214,0.1869,0.1356,0.4548,0.2933,1.0327,0.9294,2.6969,2.0777,4.1065,2.3597,6.1632,5.6652,2.0573
AT2G46860.1,0.8897,1.0123,0.9386,0.8456,1.2847,0.8079,0.9232,0.6076,1.3261,1.455,1.136,2.25,1.4734,1.9416,2.8243,3.141,3.2325,4.6804,2.8166,3.7832,3.9667
AT2G47270.1,14.8129,14.1358,22.0015,14.1496,12.5502,22.0682,10.6469,15.3751,25.6217,32.6234,25.6127,40.4378,26.9069,22.7563,50.7218,31.6722,32.8465,37.318,46.8325,43.5243,52.964
AT2G47550.1,0.6285,1.089,0.6028,0.5894,1.4239,0.8239,0.8832,1.2247,0.9082,2.5333,1.5066,2.3597,3.5974,5.9537,3.7595,5.5292,6.5276,5.9182,7.1441,8.2989,6.5718
AT3G01290.1,13.0376,20.1782,16.2623,11.8047,18.8023,20.1377,11.0648,12.1742,17.5528,18.4944,19.105,25.7917,36.7439,28.6675,80.2598,38.5407,47.1893,48.6822,51.8389,51.311,40.2892
AT3G01670.1,5.2355,6.2395,5.5466,8.2024,5.4444,6.1306,5.3557,3.8505,5.8361,4.6751,4.6356,5.5132,10.2786,8.205,12.6478,11.9609,13.9751,16.2974,15.1457,15.6645,9.9159
AT3G01730.1,1.969,2.3498,0.8951,1.5603,2.3466,1.9054,1.7484,1.4554,2.7808,1.9329,3.1397,3.3119,4.4256,4.2758,3.888,6.9306,7.0169,6.7974,4.7572,8.7637,8.2374
AT3G01970.1,3.8989,2.3177,3.6598,2.4349,2.2486,3.6175,2.9073,3.2079,4.122,4.8317,4.1757,5.1406,6.991,8.5869,11.8859,12.3555,9.123,19.2649,15.4096,19.15,25.1257
AT3G02550.1,13.4284,13.4268,7.672,9.1671,9.9665,8.0043,11.3118,6.3591,8.9307,12.6127,21.2315,12.4037,20.062,22.2969,24.7148,23.1388,20.6351,25.5532,20.224,22.4797,21.545
AT3G02670.1,0.3687,0.2699,2.1318,0.2526,0.2653,3.9354,0.4757,1.476,1.0262,0.1041,0.0559,0.4207,0.2973,0.173,0.4234,1.0422,1.0403,1.0025,11.4768,17.2501,11.3074
AT3G03660.1,0.2756,0.2421,0.3329,0.1889,0.3235,0.5246,0.2658,0.483,0.403,1.3489,1.7228,1.7128,1.3291,1.4762,2.7984,2.1332,1.5895,3.3586,2.1977,3.3671,3.2216
AT3G03660.2,0.2487,0.3271,0.3431,0.2044,0.2918,0.5407,0.2398,0.4357,0.3636,1.2167,1.5539,1.5449,1.2387,1.3315,2.6125,1.965,1.4714,3.1681,1.9822,3.1029,3.0648
AT3G03852.1,1.2527,1.8322,2.1618,0.001,0.001,0.4272,0.7552,1.0995,1.019,0.6154,1.3089,1.5014,0.001,2.0509,0.5602,1.0348,0.4773,2.1069,0.4645,34.6037,0.5037
AT3G05600.1,1.3757,1.3836,0.3866,1.6471,1.644,0.7733,1.554,0.2423,0.6159,1.4179,2.2633,0.9897,2.8539,2.4324,3.6551,2.584,2.538,1.7549,3.0299,2.2445,2.5129
AT3G07070.1,0.8394,1.2276,1.0982,0.5932,0.9083,1.0692,0.6039,0.808,1.2547,1.4877,0.8771,2.681,1.2435,1.1703,2.5142,1.9444,1.9564,3.6412,2.0441,2.7394,3.5419
AT3G07195.1,0.3804,0.6601,0.2875,0.4229,0.5181,0.1948,0.4867,0.542,0.271,0.3269,0.3479,0.2284,0.5361,0.7155,0.4247,0.9802,1.2642,0.6659,1.4059,1.4226,1.0295
AT3G07490.1,1.0613,1.2702,0.417,0.4627,1.2945,0.6574,0.4075,0.5085,0.5497,1.4203,0.6053,1.0794,1.1663,2.0216,0.69,1.6729,2.7886,3.1363,3.1421,3.4682,3.9495
AT3G08860.1,2.6364,2.8831,3.8748,2.3757,2.6709,3.5369,2.6736,2.8633,2.8657,3.6125,2.4821,2.1278,7.1512,7.5389,8.4406,4.5267,4.9854,6.1323,6.0883,8.4134,6.8542
AT3G10710.1,1.8745,2.4717,1.6409,2.5108,2.2141,1.9416,1.7181,1.7841,2.9195,3.8864,1.8759,4.0496,4.1694,5.1348,4.6928,9.6558,8.9978,11.5732,11.0232,14.59,12.5268
AT3G11773.2,0.0586,0.2115,0.001,0.001,0.001,0.0794,0.0704,0.0515,0.2351,0.34,0.1213,0.369,0.6041,0.3026,1.2867,1.3321,0.4391,1.615,1.152,1.4196,1.8965
AT3G11773.1,0.0993,0.3606,0.001,0.001,0.001,0.0679,0.0602,0.0873,0.1609,0.4835,0.2064,0.3152,0.7141,0.3874,1.8456,1.3814,0.3003,1.7653,1.4572,1.3762,2.2909
AT3G12540.1,0.2266,0.2072,0.5607,0.1168,0.2848,0.2506,0.1539,0.2484,0.322,0.6929,0.1778,0.5643,0.1373,0.3335,0.6812,0.2805,0.5589,1.1711,0.9198,1.1091,1.3598
AT3G14362.1,11.7263,8.0502,12.8724,3.7453,6.0024,11.0974,6.957,11.2407,25.4785,16.1148,23.1223,27.15,20.3069,25.8801,39.2207,25.7267,23.7974,40.0621,12.5149,19.8678,26.7573
AT3G14850.2,3.7357,4.6007,3.4549,5.1122,4.38,3.7899,3.0319,2.3755,3.3173,3.0312,3.9831,3.8687,15.7886,8.7138,25.437,9.5068,10.2103,10.3666,10.5571,8.8353,10.6532
AT3G14850.1,3.6137,4.4274,3.3142,4.8834,4.1673,3.8449,2.7491,2.0221,3.0125,3.0154,3.7759,3.5376,15.6878,8.0474,24.1296,9.4001,10.0365,9.8526,10.369,7.8823,10.6285
AT3G15370.1,1.5333,2.8381,0.373,3.8346,4.0572,0.751,2.7995,1.4297,1.8313,10.7649,7.2559,5.5877,17.4449,19.5116,9.3278,14.1595,11.4074,11.1184,14.1864,14.5777,13.8852
AT3G15440.1,0.001,0.0764,0.09,0.1421,0.0875,0.1414,0.001,0.0915,0.0848,0.4058,0.001,0.1658,0.3334,0.001,0.1852,0.3416,0.5503,0.6948,1.8336,1.6493,1.74
AT3G15450.3,185.8834,127.9852,147.8351,132.2823,155.3955,155.6689,146.0819,179.0547,213.2521,311.64,219.0037,228.856,377.4122,420.9734,372.2813,446.555,596.3419,539.3136,940.8037,924.3995,1010.1134
AT3G15450.1,180.0412,127.0703,142.1323,130.737,154.4246,152.6695,142.4534,174.743,207.6419,303.8654,218.1488,223.1739,371.2494,411.0901,360.639,440.7269,588.896,523.9285,926.8306,912.9449,987.0045
AT3G15450.2,162.7065,114.8977,128.5207,118.1784,139.5563,138.0567,128.7378,157.9185,187.8909,274.6918,197.3221,201.8556,335.6414,371.5651,326.1431,398.5028,532.3249,474.1488,837.8445,825.3269,892.3479
AT3G16660.1,0.9502,0.7388,0.001,1.0971,0.6976,0.3242,1.681,0.2613,0.0492,0.7581,1.3028,0.7121,1.7702,2.3717,1.3262,1.52,1.9877,1.8309,1.8025,2.0165,2.5742
AT3G16770.1,43.6448,57.7095,35.0741,41.1666,60.522,40.2117,46.3652,57.2787,52.1788,59.2489,50.7359,36.3338,111.3051,89.0146,78.0629,269.9293,248.7252,219.1738,563.9902,681.959,477.4099
AT3G17600.1,0.3218,0.5486,0.4626,0.1474,0.6289,0.3651,0.3554,0.4233,0.3924,0.8408,0.448,0.471,1.0353,0.3163,0.861,0.8843,1.344,0.9606,0.595,1.5326,1.8908
AT3G19200.1,1.1844,1.2994,1.8907,1.1347,0.9439,1.8947,1.2131,1.1953,2.5514,1.9758,1.6703,2.7434,1.8132,2.0941,6.2922,5.1323,4.9094,5.4761,4.1641,3.9818,4.9911
AT3G20380.1,0.9213,1.2993,0.767,0.7432,2.1511,1.5677,0.7535,1.097,1.3375,1.5174,1.5464,1.4981,1.9347,2.4985,5.1695,4.6973,4.7286,6.4522,3.0437,4.1607,3.9608
AT3G20395.1,7.9962,9.2709,7.9349,12.0223,9.3525,6.2602,9.3733,7.5425,9.2014,26.2154,17.5618,26.1662,25.2066,18.5638,41.2108,25.6066,24.7542,30.381,33.7168,28.9487,29.4451
AT3G20590.1,0.2327,0.4672,0.4011,0.001,0.1954,0.5533,0.2803,0.3061,0.8491,1.1384,0.7274,0.8806,0.9349,1.4432,1.9163,1.0059,0.9269,1.1707,0.473,1.2745,0.6525
AT3G20900.1,0.2178,0.4767,0.3752,0.1493,0.5464,1.0342,0.7846,1.3326,0.3536,1.2777,0.454,0.5207,2.2721,1.563,0.9694,1.2542,1.6507,0.9735,1.6064,1.1561,1.5679
AT3G21510.1,9.7106,8.7747,6.9522,6.2934,8.001,10.0744,5.1974,9.2739,10.3593,13.4569,11.9967,11.1378,16.2508,18.11,25.7214,22.4086,23.9085,26.843,22.632,27.8127,32.1597
AT3G21781.1,0.2703,0.789,0.001,0.1853,0.4527,0.1844,0.8123,0.3555,0.22,1.0584,0.2824,0.3238,2.3886,1.7652,0.001,1.3356,1.3332,0.4541,1.7961,1.3464,1.7315
AT3G22750.1,1.2152,1.3255,2.2074,0.9047,1.2338,1.7417,0.9379,1.5526,1.8373,1.6738,1.5813,2.8609,2.542,2.2616,4.5309,3.0096,2.6111,4.2659,3.8347,4.414,4.98
AT3G23150.1,9.5647,7.9528,7.672,8.2287,6.5392,5.5398,6.6434,5.6952,7.1411,12.0756,11.6007,18.7021,18.1682,15.2405,26.1447,18.6184,21.3217,29.2326,23.0495,24.1418,31.3203
AT3G23240.1,0.2787,0.1703,0.2807,0.191,0.5445,0.1901,0.3914,0.6103,0.3774,2.4546,3.0964,2.1094,4.7762,4.2764,2.9787,2.4478,3.1715,2.8564,3.1549,3.8243,2.4919
AT3G27650.1,0.5756,0.4914,1.1169,0.6236,0.5231,0.8162,0.4915,0.8835,1.0914,0.8471,1.1017,1.5316,2.7797,1.789,4.7928,4.035,5.2487,6.4459,5.7106,4.5303,8.6161
AT3G28958.1,0.0858,0.001,0.001,0.059,0.001,0.1742,0.1543,0.0754,0.3458,0.334,0.0896,0.0688,0.4794,0.3899,0.1525,1.3318,0.7109,0.9997,0.5034,0.2834,0.8184
AT3G29410.1,0.8792,1.0449,0.7022,1.5634,1.1426,0.4196,0.7682,0.6753,0.8402,1.7251,0.6433,1.7204,2.7614,1.6693,3.4338,2.6847,2.5073,3.2145,3.9196,4.2567,3.5102
AT3G29635.1,0.3239,0.5207,0.1404,0.2662,0.1635,0.1989,0.3512,0.4828,0.6838,1.2373,0.6084,0.672,0.4695,1.228,0.5781,0.8545,0.8858,1.2869,0.5989,1.1841,0.9607
AT3G29970.1,1.9286,2.45,0.8767,1.6671,1.7028,0.7609,2.3238,0.3571,0.6611,0.7977,1.8031,1.5414,3.7623,1.8619,8.1592,6.6206,5.0197,6.9422,4.1335,7.232,2.5271
AT3G30730.1,0.8766,0.6415,0.3789,1.3491,0.5518,0.5972,0.1329,0.1931,1.2471,1.2902,2.7457,2.1001,1.0595,0.8614,1.3701,1.2666,2.4999,1.8424,1.1358,2.4798,1.5834
AT3G43505.1,0.001,0.1429,0.001,0.001,0.1637,0.001,0.001,0.001,0.001,0.001,0.001,0.001,0.1574,0.5095,0.001,0.1613,0.444,0.3275,0.8633,1.5521,1.092
AT3G43850.1,7.1415,4.6617,4.0309,5.1502,4.3314,5.6863,6.653,3.6644,5.7188,6.3094,9.93,5.2243,7.7924,9.2123,8.8349,11.2972,14.3393,14.9408,13.2627,12.5142,13.3686
AT3G45280.1,0.4129,0.4153,0.4454,0.5295,0.4329,0.4919,0.5284,0.5884,0.5872,1.6184,0.8618,1.8526,0.831,0.9117,2.7154,1.532,1.4117,2.8597,3.4712,3.6367,5.791
AT3G45285.1,0.001,0.1951,0.23,0.0918,0.001,0.0913,0.0809,0.001,0.1089,0.1312,0.8326,0.531,1.7115,0.9568,2.1343,0.3297,0.9096,1.1912,0.4922,1.4147,1.386
AT3G45300.1,4.5359,4.2693,7.9498,4.7034,3.7526,4.4803,4.1881,5.176,5.6778,7.8711,2.8474,6.0987,7.3484,6.1148,9.9718,7.2876,8.6116,10.7294,18.72,20.1157,19.3197
AT3G48580.2,0.2312,0.4052,0.3985,0.4106,0.3486,0.3773,0.3339,0.5667,0.6751,0.7694,0.3859,0.369,0.8175,1.0568,1.1942,1.142,1.3677,1.9378,2.1836,2.2095,1.5914
AT3G48580.1,0.3448,0.504,0.6687,0.4715,0.5777,0.4692,0.4153,0.9061,0.7699,0.9291,0.4949,0.4818,1.0401,1.0989,1.4217,1.3498,2.1269,2.5557,2.5154,3.2931,2.3827
AT3G49380.1,0.0852,0.2167,0.2555,0.2028,0.1776,0.1444,0.1533,0.1119,0.2408,0.5385,0.133,0.6069,0.2726,0.3045,0.8289,0.3837,0.578,0.875,1.0928,0.8708,1.0836
AT3G49960.1,23.3883,25.4109,17.4863,22.5236,26.3952,21.8757,18.7755,15.1226,30.0414,23.0937,24.1869,39.8259,45.0179,59.8414,51.8427,106.7815,108.5232,128.1893,93.1275,132.6506,116.7155
AT3G51350.1,1.022,1.4947,0.9206,0.806,1.5275,1.588,0.9639,1.7346,1.6075,1.6787,2.1347,1.7392,2.1119,3.0108,1.766,2.2375,3.2612,3.2,3.0093,4.407,3.6022
AT3G51400.1,7.5209,8.1786,5.034,10.4026,7.9608,6.5731,9.4989,8.0473,11.2839,12.9092,14.7497,14.3656,26.8047,19.0997,38.9497,20.9258,23.23,31.9349,29.6946,35.0655,32.8821
AT3G51600.1,221.3508,333.0638,99.9792,366.2193,379.4515,119.9484,327.2787,147.8222,95.0198,185.006,234.8805,102.3168,779.7419,660.5057,401.4805,671.2442,680.6506,286.1174,627.0925,597.0503,388.749
AT3G52565.1,0.001,0.001,0.4865,1.5406,0.001,0.7671,0.6788,0.4946,1.3733,1.1053,2.3519,3.1474,0.9077,0.7379,1.0061,0.4656,0.001,1.8937,1.2508,1.4997,0.4528
AT3G53540.1,1.7779,1.0993,4.1741,1.6222,1.1678,2.5992,1.4617,2.4549,1.883,3.4219,1.3971,3.6334,1.8439,1.7244,6.29,2.5153,3.0096,6.8992,5.1018,6.5339,7.5906
AT3G54040.1,18.6937,23.6499,14.8145,17.2674,23.9264,23.5324,16.6016,20.2725,23.0493,20.035,24.0405,22.2039,39.9272,49.7417,53.8781,74.0933,74.5919,68.0762,58.6758,78.9443,66.2792
AT3G54590.1,385.3858,747.7398,392.0509,557.0867,904.6033,728.2659,614.9585,630.9401,800.4381,376.0656,577.3495,799.3432,791.421,1015.5728,781.867,1542.5447,1856.3298,2096.9942,1930.3222,5017.9953,2015.7832
AT3G55566.1,0.4544,0.6644,0.3924,1.2421,0.3813,0.001,1.0938,0.3989,0.7385,0.001,0.001,0.001,1.0973,0.8921,0.001,2.6225,2.4166,2.2896,1.0085,1.8132,0.001
AT3G56400.1,1.2442,1.4971,1.3164,1.181,0.9428,1.0661,0.9917,1.1272,1.3382,2.8749,0.7553,2.5008,2.6192,2.1027,3.7993,2.3528,2.6259,3.2172,3.2385,4.4356,3.4477
AT3G56500.1,0.5364,0.7842,0.001,0.4589,0.7868,0.8213,0.9687,1.4105,0.6541,0.5265,0.7003,0.2149,1.2955,1.5792,0.3598,1.9908,1.9364,1.4272,1.2896,2.3191,0.9685
AT3G58990.1,0.6078,0.8626,0.2475,0.9779,1.4978,0.6815,0.6461,0.0636,0.2622,0.3864,0.7469,0.2862,0.6339,0.4686,0.6388,3.1847,3.1248,2.443,3.7017,3.1155,4.0431
AT3G59120.1,0.2715,0.4867,0.468,0.5731,0.4135,0.2522,0.3121,0.411,0.621,0.3631,0.6948,0.3744,0.5559,0.5326,0.9897,0.8337,0.656,1.0767,1.2759,1.2623,0.8898
AT3G59900.1,59.4294,63.2482,52.0763,99.791,71.7619,61.2574,114.0962,75.6682,77.5654,120.93,137.281,114.951,202.3643,193.2333,177.8587,182.7618,170.3756,141.2489,170.661,186.7048,163.0777
AT3G60280.1,8.1378,8.6617,3.6178,5.6689,8.4601,6.2055,5.0504,5.0038,6.8561,5.023,6.2631,8.8006,9.6613,15.7684,8.882,21.5308,21.2858,20.4945,17.3221,24.6676,26.1432
AT3G60520.1,9.677,11.7675,10.4276,11.6407,9.9774,11.2066,13.4434,9.6283,11.93,17.8481,15.843,12.1167,21.4099,16.1907,24.6159,24.5873,21.0612,23.9534,33.4132,27.8356,29.9004
AT3G61172.1,0.001,0.001,0.001,0.001,0.001,0.001,0.2411,0.001,0.001,0.001,0.001,0.001,0.001,0.001,0.001,0.001,0.001,0.448,1.3292,2.2575,0.6412
AT3G61440.3,84.585,85.7835,101.3914,96.2127,71.3636,86.6454,73.4768,67.8044,83.5757,117.9869,70.404,129.3585,154.6113,99.0558,271.4062,125.6272,160.0022,220.004,203.3592,238.803,261.4901
AT3G61440.1,97.7724,98.885,116.1167,111.3071,82.1871,99.4119,84.498,77.6917,95.7171,136.1933,81.2799,148.2043,177.7368,114.2281,311.0983,144.1757,183.7558,251.7066,234.8354,273.9091,301.733
AT3G61440.2,97.9749,83.202,121.2208,95.8066,68.889,101.4913,69.7629,65.6339,97.3695,117.6682,82.3413,152.7794,155.2428,101.5072,322.7822,128.7221,162.6834,255.6937,208.9272,228.7078,302.7426
AT3G62680.1,87.3548,154.5292,62.6265,120.0698,162.9862,96.9803,117.5661,118.1548,121.253,116.9282,97.6213,137.1886,199.8984,262.4054,139.6575,487.3673,510.8854,434.8584,493.2313,977.9597,493.7337
AT3G62990.1,0.5238,1.0936,1.4192,0.8187,0.5021,0.7638,0.496,0.9186,0.5476,0.2942,0.3912,0.5978,0.9039,0.8816,1.469,1.0496,1.5924,1.0481,4.5918,4.6773,2.8803
AT3G63088.1,0.6097,2.6726,1.0518,4.1663,4.3406,1.659,2.9351,4.5416,2.7237,6.8726,6.6794,4.6221,8.8318,11.5649,16.5894,9.8048,6.4867,5.8043,6.7634,9.5297,10.5128
AT4G00680.1,3.1978,3.6958,3.5881,2.976,4.5055,4.8338,2.7361,3.8726,4.1608,4.9592,2.8737,5.3147,4.2265,5.2783,6.9705,10.8266,8.6624,9.4671,7.9563,12.565,11.9152
AT4G01110.1,0.8889,1.5952,0.5932,0.8019,0.915,0.853,0.8035,1.6303,0.7887,1.2292,0.6757,0.7428,1.3672,1.6138,1.2271,2.6344,2.6426,1.9928,2.7211,3.8724,3.3724
AT4G02270.1,26.865,35.5555,19.8468,23.6008,39.6183,22.1478,22.1806,29.0651,22.3329,34.0897,30.063,22.04,50.0253,64.8136,29.8583,114.3852,115.6904,63.838,117.9216,155.936,136.4981
AT4G02520.1,81.3465,126.9861,76.5551,96.5562,127.6084,99.3714,95.6629,92.9826,111.2371,91.2216,127.0037,117.695,237.6588,255.6945,357.2902,501.4993,665.5286,561.3106,662.3089,728.0799,414.0329
AT4G04990.1,0.0987,0.4653,0.0853,0.1347,0.2467,0.3003,0.2069,0.2153,0.1996,0.3845,0.3071,0.3132,0.1978,0.2889,0.5246,0.5253,0.4841,0.5487,1.1944,1.1069,0.9031
AT4G06744.1,56.3499,68.6918,35.8365,73.4703,68.2197,48.0669,70.5772,49.0859,49.2426,65.021,75.4671,51.5284,144.0729,149.9948,101.388,152.9069,165.9645,138.281,165.831,195.3761,144.6554
AT4G06746.1,0.0772,0.1125,0.1984,0.2618,0.4485,0.3643,0.2306,0.603,0.4349,0.1506,0.3196,0.671,0.3082,0.5003,0.7501,1.4489,0.9291,0.8986,0.9606,1.3718,0.9805
AT4G07820.1,19.2393,28.5254,14.0346,17.1546,26.9478,22.9821,17.8369,31.7777,25.5504,30.5855,35.9411,25.3652,47.7703,63.9476,52.9001,144.1314,175.4519,157.1141,164.0239,212.1191,133.6087
AT4G08380.1,0.3394,0.7684,0.2931,0.8579,0.9945,0.3467,0.6331,0.8326,0.5239,0.1671,0.7436,0.4067,0.5738,1.1538,0.4848,0.9514,1.4176,0.95,1.6051,3.2247,0.898
AT4G08400.1,36.8819,56.1087,27.952,48.0677,64.6236,41.2368,48.4745,39.4273,48.3335,35.8647,39.2309,69.9147,73.4184,102.969,66.1645,176.8153,214.7395,220.773,158.401,409.0786,174.2646
AT4G08410.1,41.6321,63.7698,28.6903,57.0046,74.5395,43.4015,59.3489,42.6891,51.0163,41.9563,48.5973,72.292,93.4749,120.7016,65.6245,203.2501,253.1524,235.6565,179.8208,460.1446,188.342
AT4G08620.1,0.4651,0.8355,0.702,0.6626,0.7957,0.9622,0.4787,0.5271,0.7873,0.988,0.7284,1.4072,0.9673,1.0904,1.3659,1.2308,1.3991,1.9204,1.8484,2.1521,1.9735
AT4G08770.1,0.6508,0.7931,0.8734,0.5691,0.8184,1.1071,0.871,0.888,0.9404,1.4892,1.1325,1.0972,0.932,1.5853,1.4846,1.6408,2.5834,1.6812,2.4071,2.67,2.4945
AT4G10265.1,3.5437,2.7406,2.0105,2.2174,2.463,1.1728,2.8064,0.9781,0.6596,2.8825,3.8086,2.5894,4.4879,5.3056,6.3318,5.7695,6.0097,5.2234,4.6489,4.3837,3.0904
AT4G12470.1,96.223,145.9454,50.7082,133.2494,146.5092,70.0749,139.9741,65.8252,63.8085,72.6456,156.4587,65.1025,541.5184,456.773,469.7733,1071.4689,1020.1439,829.142,911.2155,1217.9358,839.5929
AT4G12480.1,1.3362,2.5795,1.1996,2.3765,2.3751,3.347,2.7684,1.0321,1.8687,0.9447,1.7868,1.6655,9.8584,7.8031,11.3584,85.1817,86.823,70.2985,78.9141,106.9448,75.5444
AT4G12490.1,0.5671,0.5393,0.1476,0.3109,0.2859,0.2708,0.1715,0.1997,0.4153,0.39,1.0065,0.2272,1.3697,1.6697,1.316,3.8815,4.6968,3.1755,4.1095,3.3569,3.0473
AT4G12870.1,3.2071,2.84,3.4481,3.2726,2.6429,4.2526,3.3561,2.8146,3.3403,4.8599,3.3511,3.3722,6.6651,6.0439,7.2883,10.0823,10.1037,9.8429,11.0405,8.6936,11.0698
AT4G13390.1,113.3596,163.1055,108.5543,137.1941,186.6932,169.4364,143.9878,134.7806,217.7635,119.1448,144.4362,257.1416,263.6181,341.0097,313.5463,682.8457,779.3244,1072.3931,736.8124,1612.3896,854.7663
AT4G13395.1,40.9946,27.6222,21.5193,37.3313,35.1706,20.1738,46.2573,21.8791,13.574,29.5927,83.9258,29.5926,80.6244,89.1049,61.5131,89.7728,113.3637,41.7686,75.787,81.0185,60.0727
AT4G13420.1,0.154,0.1253,0.1184,0.1639,0.2149,0.1168,0.1649,0.18,0.1807,0.3347,0.1431,0.3542,0.4805,0.5912,0.7452,1.9245,2.5109,1.9077,2.6701,2.4809,1.5302
AT4G13840.1,1.139,1.5271,0.7962,1.4286,1.2054,0.7759,0.9479,0.5241,0.7943,0.9585,1.2184,1.062,4.4777,2.7344,3.8019,2.9774,3.321,2.4626,5.1583,4.5673,2.9608
AT4G14860.1,0.974,1.128,0.4209,1.0552,1.0211,0.8845,0.7338,0.1433,0.3967,1.195,0.8483,0.9082,0.8506,2.232,1.0153,3.6176,2.8398,3.1388,2.4633,3.62,2.6713
AT4G15550.1,38.6042,34.2832,63.0866,39.633,36.648,51.1298,47.5673,43.1953,88.151,81.163,79.0167,164.3441,108.8448,91.8362,212.2089,91.9974,108.6206,175.3171,112.695,132.5955,147.5738
AT4G15660.1,0.2655,0.3235,0.0771,0.3027,0.4447,0.5413,0.5322,0.1557,0.2878,0.1741,0.4616,0.4942,0.8537,0.4053,2.0492,1.1661,1.6114,0.6932,1.3723,1.0581,0.9924
AT4G15670.1,0.3801,0.833,0.5246,0.8312,0.4462,0.8788,0.5493,0.2672,0.1243,0.2243,0.7141,0.1222,1.2233,0.5971,1.7626,1.1283,1.5592,1.1917,1.7981,0.8597,1.8891
AT4G15680.1,0.1392,0.0516,0.2396,0.5685,0.2908,0.7069,0.2925,0.3042,0.001,0.1367,0.0732,0.3324,1.0036,0.1368,1.6682,0.5718,1.1055,0.6599,1.1782,1.2439,1.0001
AT4G15690.1,1.5641,1.5255,1.2217,1.5799,1.4993,1.6736,1.3912,0.7195,0.7879,0.8778,1.1676,0.7148,2.8805,1.7076,4.9888,2.9519,3.3432,2.8812,3.5291,3.2238,3.5283
AT4G15700.1,0.5353,0.5221,0.3085,1.1588,0.9719,0.85,0.7522,0.3136,0.2907,0.4381,1.2106,0.9261,3.0154,1.6344,5.0136,3.9727,6.1683,2.8476,8.1131,5.8142,3.8634
AT4G16240.1,5.9491,5.6317,3.9271,4.7895,7.044,8.3401,2.32,1.5363,2.562,0.6879,4.7538,5.8727,7.615,6.8772,15.6322,11.2715,7.457,14.9138,15.0308,11.6545,15.7388
AT4G16350.1,1.0131,0.5651,0.417,0.3638,0.5669,0.9199,0.3495,0.3817,0.7457,0.8053,1.1089,0.6557,0.9721,0.6956,1.5082,1.4738,2.3852,2.2984,1.8928,2.3125,2.2462
AT4G18680.1,0.1267,0.5527,0.218,0.3451,0.37,0.1722,0.304,0.3319,0.5633,0.4329,0.6577,0.7042,1.9766,1.442,1.068,1.9736,1.6752,1.6224,2.7939,2.2199,2.7271
AT4G19680.1,3.9989,6.4012,3.4235,4.3961,6.2675,4.888,4.3843,5.8389,7.3832,11.3884,11.0267,8.3024,11.7013,21.6825,11.9178,22.2762,24.0679,24.6271,21.5528,29.972,22.2948
AT4G19680.2,4.3764,7.0056,3.7467,4.8111,6.8593,5.3495,4.7982,6.3902,8.0803,12.4637,12.0678,9.0863,12.8061,23.7065,13.0111,24.3205,26.2859,26.9526,23.5614,32.8022,24.3712
AT4G20050.2,0.4127,0.6836,0.4037,0.5081,0.6225,0.3187,0.3483,0.266,0.3805,0.2974,0.5172,0.5713,0.5761,0.3786,0.7122,1.1571,1.3587,0.7398,1.4849,1.4636,1.1253
AT4G20050.1,0.3482,0.5766,0.3406,0.4286,0.5251,0.2689,0.2938,0.2244,0.321,0.2509,0.4363,0.4819,0.486,0.3194,0.6007,0.9759,1.1459,0.624,1.3037,1.2806,0.949
AT4G20190.1,0.2291,0.7239,0.4603,0.6773,0.7662,0.4669,0.4133,0.6348,0.6193,0.598,0.7159,0.7604,0.8588,1.0219,0.6463,1.6022,1.4475,1.4506,1.6901,2.2545,1.1612
AT4G21250.1,0.6734,0.4287,0.7328,0.6211,0.3443,0.7177,0.2124,0.5654,0.6429,0.6897,0.8563,0.9822,0.8021,0.9777,0.9413,0.9185,0.891,1.5421,1.1702,1.5978,2.0673
AT4G21902.1,0.6304,0.5535,0.4356,0.1733,0.4233,0.0867,0.4561,0.3324,0.2057,1.3602,0.6587,0.8058,0.6097,0.2484,0.4509,0.4169,0.5758,1.1305,0.8401,1.8458,1.5176
AT4G22080.1,1.0267,1.656,0.9905,1.2189,1.1649,1.1103,0.8735,1.1923,1.6202,1.837,0.663,1.8331,2.1163,1.8191,2.1304,3.4643,3.7203,4.535,4.8046,6.9539,5.0167
AT4G22640.1,0.7898,0.9627,0.6062,0.6607,0.8096,0.8962,0.7931,0.6932,2.0681,1.8938,1.5579,2.1722,1.0606,2.6421,2.4286,2.4622,2.3356,3.2942,2.3378,3.7375,3.5208
AT4G23515.1,0.2703,0.3622,0.1172,0.216,0.3398,0.2455,0.1903,0.3949,0.1105,0.6619,0.3293,0.826,0.833,0.3538,1.8057,1.0761,0.7867,1.6372,0.9318,1.3464,1.9478
AT4G23560.1,1.873,2.4515,2.0633,2.0405,2.3562,2.3325,1.5296,1.3628,2.7654,2.9025,1.7512,3.7213,5.4207,5.8099,5.8553,21.3627,19.3284,34.8809,11.4393,22.9064,13.9886
AT4G23700.1,0.9946,2.0742,1.8569,1.4389,1.9546,1.931,1.6007,2.2739,2.9286,2.6233,1.3286,3.1641,5.2261,5.4963,10.8728,4.212,6.72,6.6421,7.0583,8.779,5.0511
AT4G24670.1,3.0136,2.2267,3.5374,2.4748,1.8708,3.509,2.9778,2.3804,2.7695,3.3427,2.5193,3.0344,6.5325,5.6057,7.8878,6.346,8.3237,10.0873,6.65,7.3859,7.4296
AT4G24670.2,2.6843,1.9835,3.1741,2.1677,1.7114,3.1073,2.6686,2.0733,2.4888,3.0038,2.216,2.7886,5.9051,5.1338,7.2416,5.6746,7.5774,9.1203,6.1617,6.7217,6.8116
AT4G25190.2,0.1517,0.2656,0.2352,0.1454,0.2791,0.3295,0.2735,0.2656,0.2462,0.6224,0.316,0.5792,0.4626,0.4355,0.9976,0.5986,0.7122,0.8294,0.8718,0.9649,1.4054
AT4G25190.1,0.1548,0.2709,0.2399,0.1483,0.2847,0.336,0.2789,0.2709,0.2511,0.6349,0.3223,0.5662,0.4719,0.4442,1.0176,0.6106,0.7265,0.846,0.8892,0.9842,1.3842
AT4G25220.1,7.3264,8.0574,4.4139,5.0485,9.2596,8.0031,4.7978,7.5234,10.6542,7.4665,9.064,7.8876,13.1417,18.8461,11.4325,20.547,22.9789,26.8326,21.9474,32.2271,31.6062
AT4G25580.1,2.0826,1.388,6.2808,1.0587,1.1419,3.3273,1.3297,4.36,5.1636,4.715,0.9916,4.0527,1.3465,1.5942,2.174,2.1629,2.9028,5.4682,11.8157,13.0848,13.2279
AT4G25790.1,6.6324,10.6147,2.4471,6.5943,9.3183,3.8606,7.8554,6.2682,5.0714,7.2895,7.2262,5.4362,12.5633,20.0878,6.4832,30.1017,25.7529,19.295,24.4737,39.0019,22.0803
AT4G25820.1,25.5741,38.4317,23.028,27.2718,40.05,31.0404,25.1473,41.6902,38.0357,41.1303,33.1355,32.7316,53.1613,59.7202,37.0355,104.8668,98.1862,78.5935,115.0349,144.8115,103.8537
AT4G26010.1,17.611,22.3674,10.2372,14.9355,20.2235,17.4171,13.0218,15.2045,23.7057,25.9834,23.2539,25.2918,33.3966,38.9847,31.1827,70.5714,71.0357,79.7895,70.2922,80.5679,76.4616
AT4G26220.1,2.5572,3.4291,2.4281,2.5956,3.7887,2.6121,3.3637,3.0668,2.461,6.316,4.8979,2.4864,11.1607,12.1972,10.5454,13.6189,13.5867,8.244,8.3311,9.9055,7.4609
AT4G28850.1,1.4252,2.1144,0.9845,2.0615,2.0488,0.8877,1.5701,1.6794,1.6888,2.9968,2.0419,3.3179,5.7732,6.5852,5.1275,13.1086,13.008,14.4465,14.5875,20.7101,19.9057
AT4G30320.1,1.4669,3.352,0.95,3.0103,2.5368,1.6231,2.3195,1.2875,1.7893,2.879,1.7242,1.4653,3.767,6.303,2.7843,8.7034,5.2306,4.1629,9.3651,6.5923,4.49
AT4G30420.1,0.6386,0.8464,0.8954,0.5191,0.8032,1.2494,0.7454,0.7704,1.4595,2.6612,1.3336,2.7717,1.8318,2.2723,5.3066,2.2722,2.0028,4.918,2.8345,3.399,4.9305
AT4G33020.1,0.5172,0.5674,0.2609,0.2954,0.8308,0.499,0.4157,0.5295,0.7357,1.0989,0.4954,0.6885,0.9718,1.7763,0.6544,2.2038,2.129,2.0033,1.9125,2.9524,1.9704
AT4G33560.1,10.9803,9.55,2.762,6.5674,7.8319,2.6502,7.3975,1.3666,2.743,3.8198,9.757,5.0442,20.3467,17.8402,20.0844,29.205,21.9763,20.994,18.697,17.162,16.0412
AT4G33730.1,10.295,14.4962,5.2581,8.219,16.2613,11.5088,8.1674,14.8316,15.4189,14.6531,12.4603,9.7354,15.9721,22.1419,10.8849,26.5705,26.4419,23.8146,22.047,38.2866,28.1819
AT4G34380.1,0.1269,0.3081,0.2184,0.2308,0.2299,0.1725,0.2919,0.1852,0.2229,0.4131,0.1326,0.3197,0.7792,0.7848,0.9387,1.1972,0.9435,0.8956,1.4623,1.9864,1.3329
AT4G35160.1,16.2415,17.9622,11.3211,18.6551,17.1627,9.3487,15.6107,14.2534,9.8282,22.1745,17.2738,17.1508,45.2424,32.4453,40.5968,33.2957,27.9826,23.1502,42.0992,44.9267,45.7861
AT4G35190.1,3.3076,2.3204,6.022,2.6046,2.4324,3.8258,2.2935,3.1414,6.4108,7.9601,5.302,11.6204,7.9231,8.6358,18.2135,7.2216,8.4814,17.783,10.0317,13.5488,20.0477
AT4G36570.1,1.2291,1.0627,1.5429,1.3762,0.9374,1.2935,1.2119,0.8828,0.5458,0.3298,0.701,0.4471,4.4103,2.7803,7.4828,3.2285,4.8443,4.9475,4.4662,2.4553,3.1397
AT4G37220.1,9.0607,9.2711,10.8465,6.717,9.7254,11.3115,5.9795,12.6842,19.6488,11.3294,11.2143,13.8343,10.5192,9.0093,10.9869,13.3631,19.2085,15.9692,83.8739,79.8201,43.8786
AT4G38140.1,0.7128,0.968,0.1765,0.5576,0.9391,0.9012,1.7777,0.2687,0.4145,0.001,0.3197,0.5698,1.722,2.2658,0.8187,2.4366,1.394,1.3696,1.6578,1.288,1.2261
AT4G38410.1,0.7738,0.8018,1.1127,0.6179,0.7032,0.7904,0.4278,0.5096,1.3103,0.6964,0.6066,1.2876,1.4024,0.8869,4.7769,3.2988,1.9125,4.0099,2.2904,3.6045,4.5012
AT4G38650.1,0.4066,0.3636,0.3316,0.5869,0.3223,0.492,0.5441,0.3965,0.5691,0.6867,0.4484,0.5052,0.9635,0.6357,0.8466,0.8199,1.0643,1.0625,0.9356,0.9767,1.3041
AT5G01180.1,0.7813,0.8255,0.5062,1.5288,0.8555,0.5471,0.9675,0.7048,0.6532,1.1713,0.7031,1.5426,2.4818,2.1451,3.0611,2.7402,2.8054,3.3561,4.8813,4.7947,4.3013
AT5G01210.1,71.7991,77.8602,44.2336,114.0135,81.9064,57.1927,101.386,66.3658,75.4272,112.9371,114.1581,98.9003,199.0954,171.6978,157.8882,207.3504,225.3311,207.8164,301.1076,339.4217,276.3944
AT5G02760.1,11.1172,13.3492,12.0383,23.868,14.4825,10.6183,19.1895,12.873,15.3579,30.8946,17.2279,22.7744,31.8123,25.3461,37.8468,30.1204,35.0718,36.5473,48.6071,42.4294,40.9565
AT5G03310.1,7.0997,5.3959,4.7755,8.3912,5.6455,4.521,11.2769,6.7161,4.1996,12.8516,10.9826,8.0312,19.5426,21.9234,13.1805,21.5497,17.8223,12.9781,17.8899,15.8449,16.1435
AT5G03545.1,72.2893,65.9936,60.3518,57.1779,66.2156,44.7358,66.9344,51.078,109.9771,89.0628,128.7235,154.8835,94.2835,112.243,203.609,115.5521,140.1471,260.262,174.2255,178.3253,141.7371
AT5G03730.2,12.1089,12.6819,12.4099,13.1587,12.0083,12.7676,12.7722,12.4987,12.7434,19.5398,16.4198,18.6803,28.4415,23.8354,29.2885,24.0095,26.3194,29.6558,30.8306,30.9918,32.4223
AT5G03890.1,4.6177,2.8353,4.9821,4.2884,4.2189,4.436,5.763,4.1972,3.9567,8.1746,7.237,7.9067,9.3698,5.8876,16.943,9.0572,8.785,14.426,11.1135,11.0941,10.662
AT5G03995.1,1.3743,0.9338,1.271,0.9407,0.906,1.4705,0.9466,0.6036,1.1976,1.3491,2.4609,2.2743,1.8984,1.9288,7.1879,4.214,3.9577,4.897,3.3429,3.0067,4.8071
AT5G04500.1,0.0685,0.1861,0.2194,0.1626,0.2415,0.1274,0.1433,0.149,0.2342,0.3819,0.2478,0.338,0.5585,0.4431,1.0863,0.5723,0.7585,0.7863,0.8381,0.7427,1.4238
AT5G04960.1,7.0886,9.4611,5.9995,7.2287,8.4353,7.0213,4.9647,5.6555,9.5455,8.9237,5.7959,11.1266,10.109,10.7492,11.8647,18.8934,22.5407,24.7921,22.3785,27.7614,26.3027
AT5G05500.1,42.4253,35.3145,39.0924,24.0678,39.673,51.2216,22.9181,32.8454,74.359,38.3551,47.5149,80.6654,52.8622,80.2207,80.3879,119.9726,117.414,185.3808,108.618,167.693,210.6718
AT5G06570.2,2.8057,2.5717,0.9052,2.3364,2.6368,1.0595,2.4238,2.4624,1.5949,4.9103,3.4613,2.5123,11.9299,11.0248,5.4961,13.621,13.8626,7.1644,19.2465,20.7772,10.7219
AT5G06570.1,3.5123,3.0714,1.1854,2.8456,3.1829,1.4576,2.9191,3.047,2.0032,5.9833,4.2182,3.323,14.281,13.2468,7.105,16.4016,16.3419,8.6472,23.4057,24.8423,13.8431
AT5G06630.1,54.4814,69.2211,46.5599,63.0303,80.4995,69.7686,62.4722,45.7859,79.0315,42.1195,66.2327,115.6837,117.5925,151.93,126.6925,289.4266,327.3448,442.0728,269.0557,649.0412,341.4994
AT5G06640.1,129.5715,224.5004,109.2446,189.5836,249.2491,191.9692,180.194,168.3872,215.222,120.972,172.3953,261.0304,293.9384,356.0492,244.7259,681.3264,870.5811,899.3903,846.8681,2122.6942,874.9604
AT5G07450.1,0.6358,0.5498,0.6984,0.4354,0.3882,0.5119,0.4878,0.2036,0.8458,0.964,1.1467,1.2,0.7917,1.1351,1.4448,1.6692,2.3727,2.4606,1.7534,1.5771,1.7624
AT5G09370.1,0.8461,2.0615,0.6696,1.6394,1.1232,0.8642,1.8255,0.928,1.0319,0.8997,1.1048,0.7889,2.3281,1.8924,2.8325,3.1418,2.52,2.5681,6.1032,4.7389,6.2229
AT5G09370.2,0.9393,2.0111,0.5217,1.5603,1.069,0.5943,1.6163,0.8244,0.8186,0.8563,0.9114,0.6973,2.2698,1.9328,1.8574,2.7135,2.5514,2.0683,5.5108,4.0637,5.2766
AT5G09805.1,1.3385,0.9794,1.5403,0.9163,0.7489,0.8106,1.1651,0.5227,0.847,1.1681,1.5539,1.1886,1.5581,1.9481,3.3207,2.7014,2.8286,3.0848,2.0923,1.5849,1.5528
AT5G10100.1,1.4017,1.4098,1.1495,1.4387,0.794,0.8833,1.5412,0.7692,1.3394,2.0978,1.0621,1.652,2.0612,1.8361,3.818,2.4015,2.6926,3.1823,3.2946,4.2229,3.5448
AT5G10100.2,1.1474,1.0991,0.9198,1.1216,0.642,0.7259,1.2509,0.6238,1.1331,1.6354,0.8281,1.3097,1.6069,1.4493,3.0007,1.8721,2.0991,2.4808,2.5683,3.3101,2.8072
AT5G10170.1,2.5382,2.7068,1.8021,2.7918,2.7455,2.4069,2.9726,1.5825,2.2379,2.8174,2.0327,2.5212,2.9823,3.1387,4.429,6.3855,6.1727,9.4425,5.4099,5.3713,6.1908
AT5G10625.1,17.1674,15.8935,16.323,12.6654,17.5858,21.1581,17.1047,15.419,23.9233,16.5887,27.6074,18.9706,32.8605,41.5268,35.9896,41.2069,40.896,41.0415,37.9768,44.103,47.3618
AT5G10990.1,1.2853,1.3538,0.4887,1.0556,1.6383,0.5607,1.4248,1.5789,2.2152,2.4215,2.2555,1.602,3.0234,4.6786,3.3517,4.3712,3.5979,2.5362,2.7784,2.9781,3.4257
AT5G12330.1,0.2796,0.7754,0.4819,0.4776,0.8188,0.5512,0.7564,0.7834,0.4315,0.8214,0.7579,0.5131,1.1686,1.5158,1.146,2.4171,1.9941,1.5946,2.6627,3.1373,2.1268
AT5G12330.2,0.3378,0.7813,0.3644,0.462,0.8721,0.4598,0.6944,0.7893,0.4804,0.8552,0.6463,0.5169,1.1775,1.5089,1.1046,2.3658,1.9237,1.591,2.6829,3.348,2.0978
AT5G12330.4,0.2975,0.7352,0.3357,0.3756,0.728,0.6689,0.5645,0.6416,0.4462,0.7623,0.5969,0.5843,0.9754,1.301,1.1831,1.9981,1.685,1.5617,2.2986,2.8273,1.9981
AT5G12330.3,0.1232,0.6269,0.4758,0.3147,0.6674,0.5629,0.6271,0.5106,0.2993,0.661,0.5439,0.5627,0.9124,1.1622,1.1479,1.566,1.4663,1.5778,2.0607,2.3625,1.6456
AT5G14200.2,1.1687,2.2787,0.8689,2.4868,2.2317,1.4367,1.7012,1.5665,0.7396,1.3382,1.5261,0.6231,2.0139,1.5946,1.9427,3.3229,3.7037,2.4566,4.6613,3.8684,4.2214
AT5G14200.3,1.1004,2.1456,0.8182,2.3416,2.1014,1.3528,1.6019,1.4751,0.6964,1.2601,1.437,0.5867,1.8963,1.5015,1.8293,3.1288,3.4874,2.3132,4.389,3.6425,3.9749
AT5G14200.1,1.0756,2.0405,0.7781,2.2269,2.0228,1.2865,1.5234,1.4028,0.6623,1.1984,1.3666,0.558,1.8034,1.4279,1.7396,2.9755,3.3165,2.1998,4.1739,3.464,3.7801
AT5G14470.1,0.371,0.1978,0.4075,0.2772,0.4806,0.4591,0.1631,0.3552,0.2472,0.2652,0.3876,0.2698,0.4348,0.3756,0.3917,0.5567,0.4106,0.7744,1.5705,1.0541,1.2979
AT5G14780.1,108.031,168.6312,83.7942,204.4538,156.6325,76.1942,118.6377,95.0069,79.765,154.4378,100.9304,98.5786,338.3205,248.4772,298.7208,235.4895,266.9566,218.3328,422.0935,418.0945,252.1588
AT5G14920.1,266.9602,497.7786,140.2503,671.9839,537.1334,210.1748,575.6516,291.8341,215.2117,348.0189,287.738,202.8535,1051.1184,885.8743,535.961,1284.8957,1181.3714,686.184,1650.9167,2061.8286,1171.7889
AT5G14920.2,261.3377,487.2399,137.1348,657.8053,525.7891,205.6717,563.5726,285.6219,210.5877,340.7258,281.5996,198.5213,1028.9501,866.9467,524.238,1257.8957,1156.205,671.564,1616.0073,2018.1042,1146.8086
AT5G15720.1,1.7436,1.7091,1.475,1.9804,1.6379,1.0927,2.1429,1.1938,1.6166,2.1563,2.0403,2.3405,3.0347,3.106,4.672,4.7794,5.5445,6.1577,5.4473,4.5513,4.6199
AT5G16080.1,0.5466,0.9988,0.3248,1.2145,0.6875,0.628,0.9873,0.1506,0.3061,0.6705,0.9988,0.546,3.3817,1.6318,2.5301,3.6909,4.3873,2.0474,4.7494,4.4535,2.3293
AT5G17780.1,2.0263,1.6594,0.8881,2.5245,1.7757,1.0714,1.6948,1.1152,1.3777,2.8496,3.4123,3.0205,5.0685,4.1792,5.0517,4.5699,3.935,4.5612,5.486,4.8135,4.8569
AT5G17780.2,2.0181,1.6527,0.8845,2.5143,1.7685,1.067,1.6879,1.1106,1.3721,2.838,3.3984,3.0083,5.0479,4.1623,5.0312,4.5514,3.919,4.5427,5.4637,4.7939,4.8372
AT5G18220.1,1.1233,0.7997,0.6817,0.9973,0.9168,0.7033,1.0244,0.5866,0.741,0.8645,1.4589,0.8494,2.4212,1.988,2.0065,2.0553,1.8939,2.6206,2.9438,2.567,2.9489
AT5G18470.1,6.5708,8.1271,3.3261,8.8901,6.9639,4.3935,7.1262,5.2948,5.7568,11.6094,12.0144,8.1387,22.4328,21.0112,19.1589,18.7463,20.6147,19.9807,26.5857,24.1504,27.1531
AT5G18600.1,3.9594,5.3717,10.8572,6.5105,6.5874,11.696,7.0406,4.6514,6.024,3.636,5.7382,5.001,7.5137,5.3962,17.8561,11.9184,13.6547,15.2896,22.3194,20.1595,18.5645
AT5G18670.1,37.7125,35.5649,45.7156,40.0057,34.6926,34.6189,49.2317,41.0047,68.3681,108.857,90.666,150.6087,133.684,139.3856,197.3611,99.7035,129.1894,198.4679,134.8931,149.8475,169.1581
AT5G19800.1,12.4124,10.8732,14.4171,10.5909,15.6798,18.0522,11.2643,11.6998,28.4129,10.6803,14.2505,32.817,17.167,22.686,33.9541,32.0198,28.1052,66.8557,27.4639,52.056,54.5223
AT5G19890.1,0.5884,0.8351,0.2992,0.734,0.9284,0.9892,0.7297,0.4255,0.844,0.7811,1.3369,0.6913,18.6599,15.9363,18.8956,41.7823,50.9125,46.1788,29.2004,28.9564,36.2472
AT5G20250.1,25.5296,20.6721,24.6499,28.9153,21.5308,30.2816,24.7323,25.8882,30.9327,39.6621,25.5938,38.4074,35.2964,33.9822,42.3399,36.9745,46.0474,61.087,96.4305,99.3675,99.412
AT5G20250.2,26.4478,21.4168,25.5381,29.9514,22.2916,31.3788,25.6376,26.8215,32.0516,41.0979,26.4796,39.7742,36.5621,35.226,43.8751,38.3144,47.7328,63.3138,99.9239,102.9288,103.0115
AT5G20250.3,25.4398,20.5879,24.5632,28.7921,21.4288,30.175,24.6453,25.7972,30.8111,39.5379,25.4548,38.2597,35.1596,33.8626,42.191,36.8444,45.8973,60.8896,96.068,98.9867,99.0747
AT5G20250.4,26.2938,21.2922,25.3894,29.777,22.1618,31.1962,25.4883,26.6654,31.865,40.8586,26.3255,39.5426,36.3623,35.0209,43.6197,38.0913,47.4549,62.9452,99.3541,102.3403,102.4247
AT5G20710.1,2.8725,2.7423,4.482,3.3869,2.4094,2.8181,2.8455,3.1047,3.6029,3.839,2.1539,4.4219,3.4268,2.9555,4.5816,4.7444,6.1498,7.6071,18.733,18.2645,11.1944
AT5G20820.1,1.8611,4.2341,1.1308,3.301,3.8146,2.0183,5.5217,2.6007,2.6343,5.5464,10.223,4.4053,18.0468,18.2788,12.6199,20.77,15.4159,11.3986,13.8794,13.6766,11.1234
AT5G21120.1,0.4658,0.2843,0.4244,0.3544,0.3691,0.1944,0.1255,0.2729,0.589,0.6346,0.4327,0.7851,0.6461,0.2885,0.9469,0.5981,0.6102,1.116,1.1675,0.9814,1.2868
AT5G21130.1,0.3108,0.6809,0.1538,0.5764,0.6692,0.3325,0.561,0.739,0.3969,0.9134,0.371,0.4962,1.5705,1.2477,0.3569,1.7922,1.7189,0.7456,1.4761,1.5341,0.9253
AT5G22270.1,1.588,2.7265,2.0259,1.5119,2.4895,2.4443,1.0403,2.1809,3.1434,3.0489,1.8034,3.4748,3.1153,3.4814,5.6729,3.9333,4.3596,4.4897,6.8488,5.7923,5.0997
AT5G22410.1,4.6655,6.2351,3.2401,4.0328,5.4134,3.9416,3.3186,2.9557,6.0763,6.9898,4.9116,7.4561,6.785,8.6395,8.8379,17.1785,15.8291,16.6406,16.6509,19.2281,17.8325
AT5G23020.1,0.3239,0.7459,0.0653,0.5959,0.6885,0.4069,0.5098,0.1318,0.1222,0.1473,0.5201,0.259,0.2612,0.0986,0.9109,1.1293,1.4188,0.8368,1.4543,1.9037,2.1955
AT5G23030.1,2.4536,3.3077,2.201,2.4033,4.1555,3.1448,2.7247,4.4324,3.7165,3.872,3.82,3.9594,3.6444,5.2621,4.9854,6.9123,7.7968,8.955,6.5901,10.4763,10.044
AT5G24313.1,5.5465,6.5335,3.047,3.6971,7.1287,6.5727,2.8215,4.8044,7.498,7.0706,6.3223,9.4972,8.5917,12.4561,11.2621,17.4297,20.281,15.5912,14.2958,24.2758,27.0152
AT5G25180.1,0.1148,0.105,0.1974,0.0205,0.0964,0.0591,0.0696,0.3256,0.3249,0.392,0.0605,0.6148,0.1844,0.1687,0.3569,0.236,0.1526,0.9104,0.5488,1.0243,1.6462
AT5G25890.1,4.5008,4.0781,5.8712,3.9549,5.3619,5.7812,2.7738,4.1743,7.0706,7.8816,5.3975,9.3586,6.5126,5.1931,16.86,10.5173,8.6793,13.4791,13.7483,17.6111,18.4421
AT5G26080.1,2.6149,2.4484,1.8059,2.6482,4.8241,3.7745,2.8358,2.5702,4.8477,2.1563,4.1525,6.1839,3.2032,7.1242,6.5404,9.4138,7.0829,18.4126,7.6671,15.7412,11.6741
AT5G26220.1,1.1059,0.8795,1.162,0.9214,0.5248,0.5244,0.9272,0.4647,0.8996,1.8873,1.7579,1.7669,1.0851,1.2912,2.233,1.5484,1.9753,2.4257,2.278,2.113,2.3547
AT5G26620.1,0.5988,0.584,0.689,0.4101,0.3353,0.5438,0.4812,0.5256,0.1631,0.1966,0.6256,1.7526,1.1252,0.3926,2.1375,1.976,1.3659,3.6887,1.9195,2.1248,1.1214
AT5G33340.1,0.8688,1.3362,1.0083,1.7415,1.9586,1.2643,1.3892,0.8938,1.4611,1.499,1.4705,1.1249,9.0932,6.5873,6.284,23.48,29.0141,23.5115,66.9958,71.0008,37.3505
AT5G34780.1,0.3271,0.4483,0.4233,0.3915,0.172,0.2231,0.3449,0.0726,0.1336,0.6413,0.3418,0.229,0.7239,0.2948,0.5838,0.7081,0.8077,0.8698,3.0505,3.8028,2.2276
AT5G35190.1,158.8163,200.5004,123.5844,170.7843,232.0832,195.3354,172.9961,135.6963,244.7204,140.194,176.3544,322.5792,278.6305,362.5361,333.3313,683.5171,799.2241,1037.9019,577.9642,1379.9377,826.9064
AT5G36110.1,1.0264,1.1603,0.9129,1.0854,1.2259,0.657,0.8248,0.6827,0.5822,0.9466,1.04,1.2426,1.1531,1.2224,1.889,2.0029,1.7747,2.6847,3.223,3.3543,3.3205
AT5G38930.1,0.001,0.098,0.23,0.1825,0.0566,0.1817,0.1608,0.1174,0.1089,0.1963,0.4168,0.16,0.4821,1.1306,0.7714,0.6583,1.1115,1.4144,1.5237,2.0332,1.0664
AT5G38940.1,1.8345,2.3678,1.3043,2.3627,4.1621,3.9303,2.113,3.4084,2.9833,3.1772,4.0581,2.1126,8.3895,12.6832,12.8178,21.5586,24.5439,18.9935,34.1093,40.8804,21.7016
AT5G39610.1,1.6148,1.758,1.9771,1.6703,1.5749,1.6877,1.8326,2.5371,3.3889,6.485,3.4912,6.3892,4.4777,4.6231,8.5855,5.4256,4.6567,6.9677,7.2835,8.451,7.929
AT5G40100.1,0.3742,0.4105,0.7815,0.4724,0.4103,0.4995,0.3556,0.6434,0.6897,1.1704,0.5259,0.9989,0.776,0.5933,1.7707,0.8664,1.1807,1.6994,1.638,1.5594,1.9031
AT5G40590.1,0.1833,0.3677,0.237,0.3752,0.3832,0.8079,0.4404,0.441,0.594,2.8195,2.0011,5.4641,6.8699,10.6594,21.4611,3.7652,4.4754,14.1863,2.7013,4.2816,4.0277
AT5G41761.1,6.8085,4.707,6.3935,6.6045,5.0832,2.9047,6.4915,3.1522,4.7464,8.6662,6.2543,7.7725,13.3257,10.2921,15.1738,17.9192,16.7963,16.8661,24.0464,23.7208,15.2028
AT5G42530.1,25.7905,26.3303,17.9373,23.171,30.8901,21.1635,37.8414,23.5289,37.7988,37.155,29.8565,26.2442,98.0968,136.127,80.8995,377.3583,453.9711,329.3214,448.5131,759.2162,332.6962
AT5G43520.1,0.4146,1.4706,0.613,0.5266,2.4294,1.0472,0.6419,1.2974,1.3466,1.6251,0.9272,1.0399,1.0487,1.8203,3.1688,2.4901,2.6543,2.7846,2.4955,2.9925,1.7096
AT5G44255.1,2.0678,1.6873,2.1966,1.7416,1.9345,2.1121,2.6352,1.8845,1.9404,2.7321,5.6491,2.2243,4.2935,5.8332,4.0495,5.1878,6.1718,4.9494,5.5351,4.5019,4.0234
AT5G44578.1,0.6062,1.0128,0.8218,0.8292,1.0886,0.6486,0.7302,1.0632,1.2665,1.1891,1.2657,1.4518,1.3945,1.9831,3.7859,3.0713,2.1722,3.2978,4.0988,2.9955,5.2783
AT5G44580.1,24.6053,23.1153,13.9934,25.4525,26.0895,15.9151,25.5844,16.5382,17.2669,30.05,30.9551,19.3342,72.2258,73.8518,63.5998,117.5813,120.9954,96.0358,163.1499,147.6167,129.4806
AT5G44582.1,2.6575,3.9757,1.8771,3.7192,3.3431,3.8656,4.2207,4.0278,1.965,2.7272,4.2908,2.3169,8.5652,8.2275,7.9848,8.6777,8.088,5.0121,13.0577,10.8597,8.3419
AT5G44820.1,1.4332,1.962,1.1738,1.8355,1.1714,1.0013,0.8418,1.2579,1.0762,2.3802,2.0348,2.114,3.6712,2.96,4.9557,3.1252,3.7462,3.6257,3.4824,3.3769,4.4845
AT5G46940.1,0.6889,0.5042,0.5354,0.3305,0.2895,0.282,0.4154,0.3028,0.6164,0.8113,0.2885,0.5507,1.3315,1.4429,0.5541,3.8075,3.2991,3.6657,0.918,1.8796,1.0507
AT5G46950.1,3.3226,1.6208,1.2752,2.1729,1.3011,2.2629,1.5131,1.4261,2.1621,1.8124,3.2404,1.4167,3.63,3.7243,4.156,10.609,9.6072,10.7638,5.0851,5.9013,4.744
AT5G46960.1,18.6259,12.2841,11.3935,13.0468,13.1621,17.3276,10.4276,8.2378,20.8131,13.2452,19.0025,20.2756,20.8038,24.5948,32.2353,51.4192,40.5718,64.0696,25.0366,24.9118,23.1472
AT5G47220.1,0.8795,0.9142,0.0409,0.5073,0.893,0.2529,1.2547,0.8126,0.7907,2.0435,2.0786,1.7007,3.0942,3.2724,2.5212,2.7125,3.2034,2.8794,2.5352,2.5267,2.0437
AT5G47590.1,0.3207,0.2348,0.2769,0.0948,0.1159,0.3742,0.2486,0.1613,0.261,0.4941,0.1919,0.4754,0.2955,0.3899,0.205,0.6422,0.5571,1.8707,1.0157,2.1001,2.7888
AT5G48175.1,0.7992,0.1308,0.5369,0.2438,0.6705,0.605,0.4285,1.0907,0.9387,1.9164,1.5765,1.6312,1.9311,4.01,3.6464,3.7371,3.2411,3.8808,2.3001,2.8369,3.2068
AT5G49080.1,51.7002,76.2943,35.2306,68.142,86.3184,55.663,64.9578,45.1017,63.9786,41.1865,58.7908,90.0295,101.3765,124.1135,92.8576,243.7886,290.972,310.4751,224.8462,567.12,254.6508
AT5G49270.1,2.6903,3.9203,2.6258,2.7048,3.7314,3.1424,2.7681,2.2885,3.5845,4.1233,2.6165,5.2581,4.4361,6.289,4.9177,7.331,8.0147,11.3357,6.0529,10.8322,6.9631
AT5G49690.1,5.5075,3.7667,4.9086,3.5587,4.426,6.018,5.618,7.7328,9.9363,13.5771,11.669,11.8922,14.1408,16.4934,13.2278,14.1527,15.5165,21.2442,16.807,23.0838,23.658
AT5G51105.1,0.7362,1.1363,0.565,0.7276,0.6861,0.7241,0.6408,0.6462,0.6653,1.1236,0.8545,0.3927,0.7252,0.9107,0.7308,2.4298,2.1768,2.154,6.8371,8.0539,7.7428
AT5G51270.1,0.6355,0.4121,0.7991,0.4228,0.442,0.6924,0.4707,0.6533,0.6497,0.9798,0.3799,1.3339,0.9508,0.6186,1.6533,0.9593,0.9944,1.9125,1.2229,1.9695,2.127
AT5G53870.1,6.9857,11.3386,4.7954,13.1788,8.1467,5.5953,9.4799,3.4745,4.3019,2.6456,6.2914,3.2968,15.6294,8.0191,16.0487,19.9725,21.9221,26.003,50.4008,73.048,42.7449
AT5G55620.1,13.8684,10.7623,7.7552,16.834,14.4637,12.3592,17.8741,7.832,12.7988,20.6567,42.7781,22.4055,59.1402,50.3988,82.2089,50.9945,60.1581,48.624,43.8514,37.2318,34.8689
AT5G57520.1,4.2654,3.2108,3.5217,3.3419,4.3033,4.2095,3.8364,2.3874,6.2334,1.9423,4.7151,6.3226,5.9285,6.2763,9.9958,9.1891,8.5614,14.0727,8.2857,9.5932,10.8225
AT5G57530.1,11.3303,11.818,6.4478,8.8445,13.1631,7.4872,7.8636,8.2126,10.955,11.9459,9.8221,14.0507,22.93,29.4949,18.2593,51.4314,46.1778,44.5466,37.4794,42.7936,41.7923
AT5G57540.1,7.3027,7.4023,2.2969,7.2458,7.7873,3.5525,5.8773,3.9372,3.4791,8.4484,7.1401,5.836,16.0164,19.7487,7.1308,35.7547,31.8743,18.4279,22.4046,29.6356,20.9884
AT5G57625.1,28.9074,56.6496,17.3868,36.8959,56.8291,28.6198,36.3473,52.6705,34.6801,51.7206,37.0066,28.671,69.8939,109.4874,30.9119,156.2886,137.6536,71.5997,148.7229,220.8905,130.4981
AT5G57760.1,45.2418,27.0881,52.1135,29.5263,30.0459,46.1024,45.5933,27.6939,77.4489,82.4988,102.284,136.1866,89.3412,82.0022,258.9354,92.7517,74.8669,185.3219,84.9592,88.318,182.5949
AT5G59040.1,0.9316,2.6104,0.8042,2.6543,1.497,1.2156,2.6176,1.2941,0.7578,0.6861,2.3509,1.3644,3.8762,3.7603,2.7726,6.5342,3.8373,1.9581,4.5383,2.8422,2.6794
AT5G59530.1,1.6492,1.7031,1.6468,1.5932,1.6273,1.7615,1.4419,1.5325,1.4991,2.1899,1.7569,1.8346,2.3973,2.4991,3.6681,2.5367,3.6411,4.9125,3.5433,3.9405,4.7771
AT5G59540.2,21.086,21.3637,23.9863,24.0335,18.53,19.288,20.0621,14.4174,25.4921,33.5497,24.6963,38.4281,49.4861,39.7477,86.6621,39.0937,41.9625,63.6427,54.1209,59.2636,60.2361
AT5G59540.1,22.4535,22.7247,25.542,25.5922,19.7318,20.5389,21.3632,15.2936,27.0909,35.7256,26.298,40.9204,52.6685,42.3255,92.2827,41.6291,44.684,67.7514,57.6309,63.1072,64.1159
AT5G61350.1,0.9853,1.5182,1.1692,1.4203,1.5932,1.2698,0.9965,1.3739,2.0309,1.5194,0.901,2.0659,1.786,2.1658,1.9642,2.6868,3.1715,4.8411,3.6721,5.5393,3.7847
AT5G61420.2,0.3755,0.3662,0.1895,0.364,0.4198,0.0647,0.189,0.0832,0.3309,0.1235,0.164,0.2753,0.4034,0.4098,0.7817,0.8257,0.8797,0.806,1.6188,1.3937,1.3043
AT5G61420.1,0.3214,0.2894,0.2563,0.2877,0.3524,0.0849,0.1495,0.0659,0.3217,0.0978,0.1813,0.2373,0.3585,0.3562,0.7717,0.6727,0.7138,0.7335,1.37,1.1338,1.2085
AT5G61650.1,3.2338,4.4295,3.6538,2.2131,3.8462,4.0436,2.8696,4.5918,4.7334,5.3669,3.686,3.289,4.4541,5.1991,3.6772,7.3801,10.3791,6.5277,8.4897,14.3703,12.8895
AT5G63270.1,2.9634,5.6893,2.558,3.9285,5.1255,3.6573,2.6783,3.7381,4.97,6.3622,2.516,5.6234,7.9099,9.0976,6.9491,13.6111,16.2056,12.2534,10.8339,21.2142,12.1955
AT5G63660.1,24.2387,25.8569,10.4614,22.5296,23.8872,11.5545,23.2452,17.5492,13.7991,23.9917,29.337,14.0435,50.6289,58.8808,38.441,61.3923,48.5764,36.2485,56.397,41.5754,39.099
AT5G64120.1,10.4443,20.642,23.8496,14.6483,20.7964,30.8253,15.7525,27.3438,20.7276,19.791,14.924,13.7628,44.8451,52.7598,39.0863,104.1928,135.3005,83.6822,131.3342,124.7582,44.4136
AT5G64190.1,0.2755,0.3222,0.2379,0.17,0.4384,0.3187,0.3152,0.2419,0.2912,0.6476,0.3451,0.7248,0.554,0.6483,0.7857,0.7264,0.753,2.1713,3.2331,3.5113,4.5864
AT5G66700.1,0.2992,0.1828,0.3442,0.2731,0.2094,0.1025,0.0908,0.35,0.284,0.6353,0.2087,0.7557,0.5618,0.294,0.4451,0.6578,0.9845,0.447,2.0257,2.3849,1.3185
AT5G67400.1,25.257,34.6207,20.5054,26.5756,31.8364,24.8016,21.2609,22.6791,34.1445,29.6077,20.4628,31.3281,41.9511,53.3996,39.2791,85.4662,79.8389,88.4326,96.8609,111.5491,123.0973
